user,link,posted_at,score
saraunderwood,https://www.instagram.com/p/BcsOzOvF7w8/,2017-12-14T17:31:12.000Z,10
missamandaparis,https://www.instagram.com/p/BceL36Wlr93/,2017-12-09T06:36:15.000Z,10
lacikaysomers,https://www.instagram.com/p/BbFSJn7l0GY/,2017-11-04T17:58:41.000Z,10
leannabartlett,https://www.instagram.com/p/BeVz1CFFalI/,2018-01-24T17:35:00.000Z,10
emrata,https://www.instagram.com/p/BeYMNBbFApv/,2018-01-25T15:46:29.000Z,10
simplytattooed,https://www.instagram.com/p/BeZFG0dBPSu/,2018-01-26T00:03:42.000Z,20
leannabartlett,https://www.instagram.com/p/Bawpx6WluD5/,2017-10-27T17:41:07.000Z,10
bimberkeck_,https://www.instagram.com/p/BcLhKRVlgQU/,2017-12-02T00:36:41.000Z,10
anastasiahenesey,https://www.instagram.com/p/BNh4_mFgNMA/,2016-12-02T21:17:19.000Z,10
dan_hecho,https://www.instagram.com/p/BcEt5XJn0l_/,2017-11-29T09:13:17.000Z,10
lacikaysomers,https://www.instagram.com/p/BdEI5bPF0_9/,2017-12-24T00:21:23.000Z,10
simplytattooed,https://www.instagram.com/p/BeN062UH_Pe/,2018-01-21T15:10:37.000Z,10
osphilia_,https://www.instagram.com/p/Bd7sP5HgLRR/,2018-01-14T14:08:31.000Z,10
anastasiahenesey,https://www.instagram.com/p/BM4f9QXgfRM/,2016-11-16T19:29:41.000Z,10
bryanaholly,https://www.instagram.com/p/Bb31M9IARj4/,2017-11-24T09:07:00.000Z,10
hot_is_the_new_black,https://www.instagram.com/p/BaeOrpfgeSK/,2017-10-20T13:58:00.000Z,10
kinadoll89,https://www.instagram.com/p/BdluqTYFPOg/,2018-01-06T01:26:18.000Z,10
abigailratchford,https://www.instagram.com/p/BdjlcO5l_qo/,2018-01-05T05:27:16.000Z,10
missamandaparis,https://www.instagram.com/p/Bei1JXal1Wv/,2018-01-29T18:56:39.000Z,20
dan_hecho,https://www.instagram.com/p/BdtCT91HkF_/,2018-01-08T21:32:42.000Z,10
saraunderwood,https://www.instagram.com/p/BejT44rlCFt/,2018-01-29T23:25:17.000Z,10
playmateiryna,https://www.instagram.com/p/BdsWH1VHkz6/,2018-01-08T15:09:22.000Z,10
leannabartlett,https://www.instagram.com/p/BapRUNgl0Vx/,2017-10-24T20:52:40.000Z,10
dan_hecho,https://www.instagram.com/p/BeGLdLjHfZ_/,2018-01-18T15:53:37.000Z,10
leannabartlett,https://www.instagram.com/p/BbVAvzkltb1/,2017-11-10T20:34:28.000Z,10
jessicakes33,https://www.instagram.com/p/Bej2kZBnhkw/,2018-01-30T04:28:19.000Z,0
jessicakes33,https://www.instagram.com/p/Bd24Ge5nWoo/,2018-01-12T17:16:32.000Z,10
lindseypelas,https://www.instagram.com/p/BcyPJAdHJkg/,2017-12-17T01:29:37.000Z,10
dan_hecho,https://www.instagram.com/p/BcJ2PXUHhmP/,2017-12-01T09:02:24.000Z,10
dan_hecho,https://www.instagram.com/p/BegDRwBn5zt/,2018-01-28T17:02:24.000Z,110
osphilia_,https://www.instagram.com/p/BelF3kbg6Un/,2018-01-30T16:01:15.000Z,90
miss_tina_louise,https://www.instagram.com/p/Bcikxh9g32x/,2017-12-10T23:30:48.000Z,10
emrata,https://www.instagram.com/p/BcvQYUnlRA6/,2017-12-15T21:42:43.000Z,10
abigailratchford,https://www.instagram.com/p/BeqSmlSljWR/,2018-02-01T16:28:44.000Z,10
miss_tina_louise,https://www.instagram.com/p/Bdak0hdhilN/,2018-01-01T17:28:40.000Z,10
lindseypelas,https://www.instagram.com/p/Ben6u5cnh3g/,2018-01-31T18:21:40.000Z,20
miss_tina_louise,https://www.instagram.com/p/Bc223DtAupf/,2017-12-18T20:33:39.000Z,10
kinadoll89,https://www.instagram.com/p/BbDRriUFmrE/,2017-11-03T23:16:06.000Z,10
playmateiryna,https://www.instagram.com/p/BeIq1dHHZQn/,2018-01-19T15:06:18.000Z,10
bryanaholly,https://www.instagram.com/p/BeHTyFzAPNc/,2018-01-19T02:25:37.000Z,10
jessicakes33,https://www.instagram.com/p/Bd_hKqOHTeO/,2018-01-16T01:48:57.000Z,10
emrata,https://www.instagram.com/p/BcPmUz1lVlT/,2017-12-03T14:38:47.000Z,10
hot_is_the_new_black,https://www.instagram.com/p/BeX6LtyHvRU/,2018-01-25T13:09:01.000Z,10
bimberkeck_,https://www.instagram.com/p/BR9mViRAyVY/,2017-03-23T01:38:36.000Z,10
abigailratchford,https://www.instagram.com/p/Bc8HUfgl5gp/,2017-12-20T21:33:41.000Z,10
leannabartlett,https://www.instagram.com/p/BcprmipFYR2/,2017-12-13T17:45:09.000Z,10
leannabartlett,https://www.instagram.com/p/BcsPsPKF6G8/,2017-12-14T17:43:41.000Z,10
kinadoll89,https://www.instagram.com/p/BcNGuO4l4nf/,2017-12-02T15:24:09.000Z,10
anastasiahenesey,https://www.instagram.com/p/BeAus1CFsu7/,2018-01-16T13:06:09.000Z,10
emrata,https://www.instagram.com/p/BcSWqx7lHBf/,2017-12-04T16:19:41.000Z,10
miss_tina_louise,https://www.instagram.com/p/Bd6ym30hpOL/,2018-01-14T05:44:50.000Z,10
kinadoll89,https://www.instagram.com/p/BeJpzRaFtEj/,2018-01-20T00:16:30.000Z,10
saraunderwood,https://www.instagram.com/p/Bcm2GQhHfVn/,2017-12-12T15:19:08.000Z,10
kinadoll89,https://www.instagram.com/p/Bb1NcPNl_t7/,2017-11-23T08:41:05.000Z,10
osphilia_,https://www.instagram.com/p/BeOEqc0gebK/,2018-01-21T17:28:11.000Z,10
miss_tina_louise,https://www.instagram.com/p/Bcuh_o8gN9F/,2017-12-15T14:57:24.000Z,10
kinadoll89,https://www.instagram.com/p/BdeROW4lwFg/,2018-01-03T03:54:24.000Z,10
abigailratchford,https://www.instagram.com/p/BbVkWeKlWrS/,2017-11-11T01:45:35.000Z,10
lindseypelas,https://www.instagram.com/p/BepMzofnAGl/,2018-02-01T06:18:50.000Z,10
leannabartlett,https://www.instagram.com/p/BcS4NUBFoZ0/,2017-12-04T21:12:46.000Z,10
osphilia_,https://www.instagram.com/p/Bdr_CQIgSZN/,2018-01-08T11:44:50.000Z,10
lacikaysomers,https://www.instagram.com/p/BdqgwAzFJJp/,2018-01-07T22:00:57.000Z,10
missamandaparis,https://www.instagram.com/p/BcqCyowlF84/,2017-12-13T21:07:46.000Z,10
dan_hecho,https://www.instagram.com/p/Bc8JHyfnihR/,2017-12-20T21:49:25.000Z,10
tahliaparis,https://www.instagram.com/p/BePAY_hnWRu/,2018-01-22T02:10:05.000Z,10
miss_tina_louise,https://www.instagram.com/p/BeoKFwTgFaW/,2018-01-31T20:35:51.000Z,10
leannabartlett,https://www.instagram.com/p/Ba4omI1FD0O/,2017-10-30T20:04:42.000Z,10
lindseypelas,https://www.instagram.com/p/BeRbADLHS9t/,2018-01-23T00:41:06.000Z,10
anastasiahenesey,https://www.instagram.com/p/BMCWUA5gvfx/,2016-10-26T18:46:26.000Z,10
dan_hecho,https://www.instagram.com/p/Bb1QCJKH4z8/,2017-11-23T09:03:44.000Z,10
anastasiahenesey,https://www.instagram.com/p/Bd5U7bElRqo/,2018-01-13T16:06:16.000Z,10
lindseypelas,https://www.instagram.com/p/BdJxJojnsOX/,2017-12-26T04:49:19.000Z,10
missamandaparis,https://www.instagram.com/p/Bc5XvvIlwQs/,2017-12-19T19:59:29.000Z,10
osphilia_,https://www.instagram.com/p/BdSQsyUAfEv/,2017-12-29T11:58:56.000Z,10
miss_tina_louise,https://www.instagram.com/p/BdJRiHxhtkH/,2017-12-26T00:13:03.000Z,10
osphilia_,https://www.instagram.com/p/BefkBt9gRjC/,2018-01-28T12:29:20.000Z,110
anastasiahenesey,https://www.instagram.com/p/BUfAH1Ol8Wy/,2017-05-24T18:01:39.000Z,10
kinadoll89,https://www.instagram.com/p/Ba4d82KljK5/,2017-10-30T18:31:41.000Z,10
simplytattooed,https://www.instagram.com/p/BecOa2qnG60/,2018-01-27T05:22:48.000Z,30
kinadoll89,https://www.instagram.com/p/Bb4HIbHl1Sc/,2017-11-24T11:43:40.000Z,10
missamandaparis,https://www.instagram.com/p/Bck96YJlGy6/,2017-12-11T21:48:56.000Z,10
jessicakes33,https://www.instagram.com/p/BeqYcfKnIou/,2018-02-01T17:20:43.000Z,10
saraunderwood,https://www.instagram.com/p/BeQrFfXlvWM/,2018-01-22T17:42:24.000Z,10
anastasiahenesey,https://www.instagram.com/p/BY4aO0xBDQ2/,2017-09-11T00:56:23.000Z,10
miss_tina_louise,https://www.instagram.com/p/BdiLh6qBQhn/,2018-01-04T16:21:36.000Z,10
leannabartlett,https://www.instagram.com/p/BdtrgDclx_B/,2018-01-09T03:32:37.000Z,10
abigailratchford,https://www.instagram.com/p/Ba95BOGFeSj/,2017-11-01T21:04:24.000Z,10
jessicakes33,https://www.instagram.com/p/BeVl5eLHIvA/,2018-01-24T15:33:17.000Z,10
lacikaysomers,https://www.instagram.com/p/Bd3xdjIlrCe/,2018-01-13T01:37:06.000Z,10
tahliaparis,https://www.instagram.com/p/Bcnoqx_nSuW/,2017-12-12T22:41:02.000Z,10
simplytattooed,https://www.instagram.com/p/BeHGKUWn1ik/,2018-01-19T00:26:35.000Z,10
leannabartlett,https://www.instagram.com/p/Bei4ZeTlVuB/,2018-01-29T19:25:04.000Z,10
tahliaparis,https://www.instagram.com/p/Bbu2jGTnGDL/,2017-11-20T21:25:36.000Z,10
lindseypelas,https://www.instagram.com/p/BdWPXBXHrFS/,2017-12-31T01:04:32.000Z,10
simplytattooed,https://www.instagram.com/p/BepGnqgnVSt/,2018-02-01T05:24:47.000Z,10
lindseypelas,https://www.instagram.com/p/Bdsvg5ZnfFy/,2018-01-08T18:48:27.000Z,10
leannabartlett,https://www.instagram.com/p/BeWgWyNl6Iw/,2018-01-25T00:04:06.000Z,10
miss_tina_louise,https://www.instagram.com/p/BeqqLMRAWJT/,2018-02-01T19:54:42.000Z,-30
emrata,https://www.instagram.com/p/BcVHcBaFAa2/,2017-12-05T18:04:19.000Z,10
simplytattooed,https://www.instagram.com/p/BeDfF4In2ei/,2018-01-17T14:47:29.000Z,10
osphilia_,https://www.instagram.com/p/BdfoGQSAlg5/,2018-01-03T16:33:31.000Z,10
simplytattooed,https://www.instagram.com/p/BeJpbtxHGkk/,2018-01-20T00:13:17.000Z,10
abigailratchford,https://www.instagram.com/p/BaubKa_FO26/,2017-10-26T20:54:55.000Z,10
bryanaholly,https://www.instagram.com/p/BdU5EA2At3X/,2017-12-30T12:30:06.000Z,10
jessicakes33,https://www.instagram.com/p/Bdk6GCkgrqk/,2018-01-05T17:46:58.000Z,10
osphilia_,https://www.instagram.com/p/BdVA562ARNK/,2017-12-30T13:38:38.000Z,10
dan_hecho,https://www.instagram.com/p/BcaflRBHxuj/,2017-12-07T20:11:30.000Z,10
missamandaparis,https://www.instagram.com/p/BdYIJrwl0M8/,2017-12-31T18:39:40.000Z,10
leannabartlett,https://www.instagram.com/p/BdLT9IMlLwB/,2017-12-26T19:12:41.000Z,10
miss_tina_louise,https://www.instagram.com/p/Bc0A4UOgGQ8/,2017-12-17T18:03:29.000Z,10
leannabartlett,https://www.instagram.com/p/BbfGzI2lP2t/,2017-11-14T18:39:45.000Z,10
jessicakes33,https://www.instagram.com/p/BeZzKGxnAu0/,2018-01-26T06:46:06.000Z,20
hot_is_the_new_black,https://www.instagram.com/p/BeITIK8nIxJ/,2018-01-19T11:39:08.000Z,10
anastasiahenesey,https://www.instagram.com/p/BeWuj7oF3_r/,2018-01-25T02:08:13.000Z,10
lindseypelas,https://www.instagram.com/p/Bc99buNHD_T/,2017-12-21T14:45:46.000Z,10
kinadoll89,https://www.instagram.com/p/BcEddIfFfiB/,2017-11-29T06:49:38.000Z,10
miss_tina_louise,https://www.instagram.com/p/BcSXmKqAxqd/,2017-12-04T16:27:48.000Z,10
simplytattooed,https://www.instagram.com/p/BeHvYzOnKZh/,2018-01-19T06:26:50.000Z,10
miss_tina_louise,https://www.instagram.com/p/BeE4y_EhRo1/,2018-01-18T03:51:20.000Z,10
lacikaysomers,https://www.instagram.com/p/Ba8OQjjlYAq/,2017-11-01T05:31:31.000Z,10
lacikaysomers,https://www.instagram.com/p/BbUq_GqFsop/,2017-11-10T17:24:19.000Z,10
jessicakes33,https://www.instagram.com/p/BeDh9gCnPO9/,2018-01-17T15:12:33.000Z,10
lindseypelas,https://www.instagram.com/p/Bc5Twd5nT7U/,2017-12-19T19:24:38.000Z,10
saraunderwood,https://www.instagram.com/p/BdsexHaFyQm/,2018-01-08T16:22:06.000Z,10
osphilia_,https://www.instagram.com/p/Bdsdd_OAJyG/,2018-01-08T16:10:46.000Z,10
leannabartlett,https://www.instagram.com/p/Bd0yLoqlbum/,2018-01-11T21:50:01.000Z,10
abigailratchford,https://www.instagram.com/p/BcvLXUHl7CH/,2017-12-15T20:59:40.000Z,10
hot_is_the_new_black,https://www.instagram.com/p/BdxbkJBnQ0z/,2018-01-10T14:30:19.000Z,10
simplytattooed,https://www.instagram.com/p/BeZxKWlnFFR/,2018-01-26T06:28:40.000Z,10
bryanaholly,https://www.instagram.com/p/Bc0JeBgAiqB/,2017-12-17T19:18:32.000Z,10
missamandaparis,https://www.instagram.com/p/BeQ8Ha7l3Nt/,2018-01-22T20:11:13.000Z,10
kinadoll89,https://www.instagram.com/p/BeEdSFClVFM/,2018-01-17T23:50:54.000Z,10
saraunderwood,https://www.instagram.com/p/BeO2JmXlVWn/,2018-01-22T00:41:22.000Z,10
miss_tina_louise,https://www.instagram.com/p/Bds1gqBhzQX/,2018-01-08T19:40:50.000Z,10
bimberkeck_,https://www.instagram.com/p/BSm5eYMgfc8/,2017-04-08T02:34:42.000Z,10
miss_tina_louise,https://www.instagram.com/p/Bd5uoCwhTHT/,2018-01-13T19:50:48.000Z,10
abigailratchford,https://www.instagram.com/p/Bd0zG5QldJO/,2018-01-11T21:53:46.000Z,10
hot_is_the_new_black,https://www.instagram.com/p/Bd7jiYknGmN/,2018-01-14T12:52:24.000Z,10
jessicakes33,https://www.instagram.com/p/BeqYD2DnLNW/,2018-02-01T17:16:25.000Z,10
saraunderwood,https://www.instagram.com/p/BeTTipPFL50/,2018-01-23T18:14:24.000Z,10
saraunderwood,https://www.instagram.com/p/Bd_RNZAF0Ya/,2018-01-15T23:29:12.000Z,10
kinadoll89,https://www.instagram.com/p/Bd39IArFJPn/,2018-01-13T03:19:01.000Z,10
hot_is_the_new_black,https://www.instagram.com/p/Befmcasnxc3/,2018-01-28T12:50:27.000Z,20
demirosemawby,https://www.instagram.com/p/BeWfF4flNSu/,2018-01-24T23:53:03.000Z,10
jessicakes33,https://www.instagram.com/p/Bd3loOBnkuB/,2018-01-12T23:53:42.000Z,10
anastasiahenesey,https://www.instagram.com/p/BaZz6VIl2os/,2017-10-18T20:47:07.000Z,10
saraunderwood,https://www.instagram.com/p/BelaVTTFGOe/,2018-01-30T19:00:04.000Z,10
bimberkeck_,https://www.instagram.com/p/BSRlSkzAsem/,2017-03-30T19:54:17.000Z,10
leannabartlett,https://www.instagram.com/p/BcIWabuFBEZ/,2017-11-30T19:05:03.000Z,10
tahliaparis,https://www.instagram.com/p/Bd0oUBPHCgQ/,2018-01-11T20:21:43.000Z,10
abigailratchford,https://www.instagram.com/p/BdBDu_0lumV/,2017-12-22T19:39:32.000Z,10
kinadoll89,https://www.instagram.com/p/BdVmYeWFKXp/,2017-12-30T19:06:07.000Z,10
bimberkeck_,https://www.instagram.com/p/BULN_8QAjsL/,2017-05-17T01:38:06.000Z,10
lacikaysomers,https://www.instagram.com/p/BcKy5biFYYF/,2017-12-01T17:52:26.000Z,10
hot_is_the_new_black,https://www.instagram.com/p/Bd5B8dMnxoe/,2018-01-13T13:20:23.000Z,10
lindseypelas,https://www.instagram.com/p/BdraA4OHiq7/,2018-01-08T06:21:20.000Z,10
abigailratchford,https://www.instagram.com/p/BedkNJllckt/,2018-01-27T17:52:25.000Z,10
kinadoll89,https://www.instagram.com/p/BdBpkSwFWwX/,2017-12-23T01:09:08.000Z,10
leannabartlett,https://www.instagram.com/p/Bc2kZPvF16O/,2017-12-18T17:52:17.000Z,10
osphilia_,https://www.instagram.com/p/BdkKt31g8du/,2018-01-05T10:52:59.000Z,10
lacikaysomers,https://www.instagram.com/p/BaXBYPHlLdS/,2017-10-17T18:47:04.000Z,10
lacikaysomers,https://www.instagram.com/p/BcDEPZiFrSq/,2017-11-28T17:50:03.000Z,10
simplytattooed,https://www.instagram.com/p/BeLlDQSHLyz/,2018-01-20T18:13:28.000Z,10
miss_tina_louise,https://www.instagram.com/p/BddDyVrBGla/,2018-01-02T16:37:44.000Z,10
bryanaholly,https://www.instagram.com/p/Bbxh1QqgH4l/,2017-11-21T22:22:18.000Z,10
lacikaysomers,https://www.instagram.com/p/Bb4_1U6lY0L/,2017-11-24T19:59:08.000Z,10
emrata,https://www.instagram.com/p/BeIZ9yPlcy3/,2018-01-19T12:38:53.000Z,10
lindseypelas,https://www.instagram.com/p/BeEMHA0nYw2/,2018-01-17T21:20:51.000Z,10
jessicakes33,https://www.instagram.com/p/Beay02vne4i/,2018-01-26T16:02:27.000Z,10
anastasiahenesey,https://www.instagram.com/p/BWtA_sJlDqh/,2017-07-18T21:41:26.000Z,10
abigailratchford,https://www.instagram.com/p/BbLAs34FxQt/,2017-11-06T23:21:40.000Z,10
anastasiahenesey,https://www.instagram.com/p/BepNqPnlZz7/,2018-02-01T06:26:18.000Z,10
anastasiahenesey,https://www.instagram.com/p/BeEiawsl23i/,2018-01-18T00:35:47.000Z,10
bryanaholly,https://www.instagram.com/p/BcQTOibgFzp/,2017-12-03T21:11:08.000Z,10
tahliaparis,https://www.instagram.com/p/Bd8Q_amHwvn/,2018-01-14T19:29:35.000Z,10
osphilia_,https://www.instagram.com/p/BeAgn8xg2sS/,2018-01-16T11:03:09.000Z,10
jessicakes33,https://www.instagram.com/p/BeiZjXoHQgf/,2018-01-29T14:55:32.000Z,0
dan_hecho,https://www.instagram.com/p/BbH8zbYnS9x/,2017-11-05T18:49:53.000Z,10
osphilia_,https://www.instagram.com/p/BdhrkO_A9_C/,2018-01-04T11:42:18.000Z,10
hot_is_the_new_black,https://www.instagram.com/p/Bd_CHUGnVo2/,2018-01-15T21:17:18.000Z,10
jessicakes33,https://www.instagram.com/p/BeCAlbVH66k/,2018-01-17T01:01:40.000Z,10
abigailratchford,https://www.instagram.com/p/BavcHKWlBkD/,2017-10-27T06:22:27.000Z,10
abigailratchford,https://www.instagram.com/p/BcoQfamF9An/,2017-12-13T04:29:00.000Z,10
lindseypelas,https://www.instagram.com/p/BeCo2KRnrAO/,2018-01-17T06:53:28.000Z,10
simplytattooed,https://www.instagram.com/p/BeEezXwnTGY/,2018-01-18T00:04:11.000Z,10
kinadoll89,https://www.instagram.com/p/Ba61mBmly5L/,2017-10-31T16:36:45.000Z,10
bimberkeck_,https://www.instagram.com/p/BZY1udgFetE/,2017-09-23T15:12:20.000Z,10
missamandaparis,https://www.instagram.com/p/BctTJxSFwzL/,2017-12-15T03:28:28.000Z,10
dan_hecho,https://www.instagram.com/p/BdIwZrrn1YO/,2017-12-25T19:23:32.000Z,10
abigailratchford,https://www.instagram.com/p/BcTnMbEF9xa/,2017-12-05T04:03:20.000Z,10
saraunderwood,https://www.instagram.com/p/BdYXNSyFzKE/,2017-12-31T20:51:14.000Z,10
dan_hecho,https://www.instagram.com/p/BejC4TCnG5_/,2018-01-29T20:56:39.000Z,110
missamandaparis,https://www.instagram.com/p/BdsrE70Fj98/,2018-01-08T18:09:40.000Z,10
bimberkeck_,https://www.instagram.com/p/BPVy5QDFypo/,2017-01-16T21:35:56.000Z,10
dan_hecho,https://www.instagram.com/p/Bcxvgg0HaLB/,2017-12-16T20:53:12.000Z,10
jessicakes33,https://www.instagram.com/p/Bdsj_MJAH24/,2018-01-08T17:07:43.000Z,10
abigailratchford,https://www.instagram.com/p/BZSfC7cFFYx/,2017-09-21T03:58:43.000Z,10
demirosemawby,https://www.instagram.com/p/Bb0g1oBlyem/,2017-11-23T02:11:20.000Z,10
abigailratchford,https://www.instagram.com/p/BahbxeYlDOv/,2017-10-21T19:50:07.000Z,10
hot_is_the_new_black,https://www.instagram.com/p/BeAyhqdHWad/,2018-01-16T13:39:34.000Z,10
miss_tina_louise,https://www.instagram.com/p/Bc6NyGOgl9h/,2017-12-20T03:51:40.000Z,10
tahliaparis,https://www.instagram.com/p/BcxhBgMHU6v/,2017-12-16T18:46:38.000Z,10
kinadoll89,https://www.instagram.com/p/BbK0A4hFP8q/,2017-11-06T21:30:48.000Z,10
leannabartlett,https://www.instagram.com/p/BdBen9olQgs/,2017-12-22T23:33:31.000Z,10
simplytattooed,https://www.instagram.com/p/BeLPFpiHSF2/,2018-01-20T15:01:33.000Z,10
abigailratchford,https://www.instagram.com/p/BcQqyGLFtVs/,2017-12-04T00:36:58.000Z,10
bimberkeck_,https://www.instagram.com/p/BQqQavFAPtN/,2017-02-18T16:50:07.000Z,10
saraunderwood,https://www.instagram.com/p/BdGEJsXlCHW/,2017-12-24T18:18:24.000Z,10
tahliaparis,https://www.instagram.com/p/BdOXW5Rn35G/,2017-12-27T23:40:09.000Z,10
lacikaysomers,https://www.instagram.com/p/BdlMJIBF9zH/,2018-01-05T20:24:41.000Z,10
jessicakes33,https://www.instagram.com/p/BeA8QFCndQH/,2018-01-16T15:04:33.000Z,10
dan_hecho,https://www.instagram.com/p/Bb2wBlNHJIm/,2017-11-23T23:02:31.000Z,10
simplytattooed,https://www.instagram.com/p/BeNZkNfnX5G/,2018-01-21T11:11:36.000Z,10
jessicakes33,https://www.instagram.com/p/Bd6cHWSnvYo/,2018-01-14T02:28:18.000Z,10
bimberkeck_,https://www.instagram.com/p/BVOZ1ODA7_r/,2017-06-12T03:50:37.000Z,10
anastasiahenesey,https://www.instagram.com/p/Bax9XZuFhXD/,2017-10-28T05:51:30.000Z,10
demirosemawby,https://www.instagram.com/p/BeOed_el2SX/,2018-01-21T21:13:41.000Z,10
saraunderwood,https://www.instagram.com/p/BeOAnvWF_rt/,2018-01-21T16:52:52.000Z,10
jessicakes33,https://www.instagram.com/p/BeExkrenTS9/,2018-01-18T02:48:12.000Z,10
playmateiryna,https://www.instagram.com/p/BenkVG9HcjT/,2018-01-31T15:05:54.000Z,310
demirosemawby,https://www.instagram.com/p/BbxLOBRlw2V/,2017-11-21T19:04:42.000Z,10
simplytattooed,https://www.instagram.com/p/BeDCdmIHr4B/,2018-01-17T10:37:18.000Z,10
kinadoll89,https://www.instagram.com/p/BatxLB8FpWT/,2017-10-26T14:47:59.000Z,10
bimberkeck_,https://www.instagram.com/p/BTP7x85gcIY/,2017-04-24T01:03:43.000Z,10
miss_tina_louise,https://www.instagram.com/p/BdX3YqKhqZG/,2017-12-31T16:13:10.000Z,10
lindseypelas,https://www.instagram.com/p/BeXSfOjnsCT/,2018-01-25T07:22:09.000Z,10
dan_hecho,https://www.instagram.com/p/BbMsbJAnSyQ/,2017-11-07T15:02:57.000Z,10
miss_tina_louise,https://www.instagram.com/p/BcXZIVHAI3S/,2017-12-06T15:17:24.000Z,10
saraunderwood,https://www.instagram.com/p/BdLVfahldIM/,2017-12-26T19:26:07.000Z,10
simplytattooed,https://www.instagram.com/p/BeV3_aKHBls/,2018-01-24T18:11:22.000Z,10
kinadoll89,https://www.instagram.com/p/BdhB6S6FWap/,2018-01-04T05:38:19.000Z,10
abigailratchford,https://www.instagram.com/p/BawZMU8laWo/,2017-10-27T15:16:10.000Z,10
tahliaparis,https://www.instagram.com/p/Bb07GA3ne3G/,2017-11-23T06:00:46.000Z,10
miss_tina_louise,https://www.instagram.com/p/BcaTwYegsnN/,2017-12-07T18:28:10.000Z,10
kinadoll89,https://www.instagram.com/p/BdoPFOIlNLo/,2018-01-07T00:48:05.000Z,10
leannabartlett,https://www.instagram.com/p/BauCFxQFaBH/,2017-10-26T17:15:49.000Z,10
dan_hecho,https://www.instagram.com/p/BbqykpZnsQI/,2017-11-19T07:33:54.000Z,10
bryanaholly,https://www.instagram.com/p/Bc2uOM6gVpK/,2017-12-18T19:18:10.000Z,10
miss_tina_louise,https://www.instagram.com/p/Bcf4bV5goMV/,2017-12-09T22:24:48.000Z,10
hot_is_the_new_black,https://www.instagram.com/p/BbRk9Xig60U/,2017-11-09T12:33:56.000Z,10
bryanaholly,https://www.instagram.com/p/BbVAUZEg_R1/,2017-11-10T20:30:43.000Z,10
leannabartlett,https://www.instagram.com/p/BbSGLT7lHa2/,2017-11-09T17:30:23.000Z,10
saraunderwood,https://www.instagram.com/p/Bc2VPlslfBw/,2017-12-18T15:39:54.000Z,10
osphilia_,https://www.instagram.com/p/BduklPAgHlR/,2018-01-09T11:51:24.000Z,10
miss_tina_louise,https://www.instagram.com/p/BdOi1TWBkcn/,2017-12-28T01:20:25.000Z,10
simplytattooed,https://www.instagram.com/p/BeA6Y_AHR_e/,2018-01-16T14:48:18.000Z,10
missamandaparis,https://www.instagram.com/p/BelXkxRlmga/,2018-01-30T18:35:58.000Z,0
kinadoll89,https://www.instagram.com/p/BbiX3Ccl9xa/,2017-11-16T01:06:33.000Z,10
dan_hecho,https://www.instagram.com/p/BenviDjHC0J/,2018-01-31T16:43:47.000Z,10
kinadoll89,https://www.instagram.com/p/Bcw4tsel4oO/,2017-12-16T12:54:24.000Z,10
dan_hecho,https://www.instagram.com/p/BcSmze5naEF/,2017-12-04T18:40:41.000Z,10
kinadoll89,https://www.instagram.com/p/Ba2Kq_cFYu1/,2017-10-29T21:04:44.000Z,10
dan_hecho,https://www.instagram.com/p/Bc0Ak2RH8BH/,2017-12-17T18:00:49.000Z,10
dan_hecho,https://www.instagram.com/p/BbOuCF6nX4Q/,2017-11-08T09:55:30.000Z,10
saraunderwood,https://www.instagram.com/p/BddIYHSFkIm/,2018-01-02T17:17:51.000Z,10
bimberkeck_,https://www.instagram.com/p/BQ3GPYLAi5J/,2017-02-23T16:31:19.000Z,10
leannabartlett,https://www.instagram.com/p/BdlaRhDFuIn/,2018-01-05T22:28:09.000Z,10
lacikaysomers,https://www.instagram.com/p/Bd8g2hlFMyn/,2018-01-14T21:48:10.000Z,10
dan_hecho,https://www.instagram.com/p/BbpRrMvHgnJ/,2017-11-18T17:27:12.000Z,10
saraunderwood,https://www.instagram.com/p/BeoijapFfkp/,2018-02-01T00:09:37.000Z,10
simplytattooed,https://www.instagram.com/p/BeVFDkNHsy3/,2018-01-24T10:46:18.000Z,10
anastasiahenesey,https://www.instagram.com/p/BZKOonnhp6K/,2017-09-17T23:01:23.000Z,10
emrata,https://www.instagram.com/p/Bd5XPKClA6O/,2018-01-13T16:26:26.000Z,10
abigailratchford,https://www.instagram.com/p/Bcb2R4EFQ9T/,2017-12-08T08:49:04.000Z,10
kinadoll89,https://www.instagram.com/p/Ba9E3tqFQu_/,2017-11-01T13:28:43.000Z,10
tahliaparis,https://www.instagram.com/p/BebLn6nH1nK/,2018-01-26T19:39:08.000Z,110
abigailratchford,https://www.instagram.com/p/BdjDkUaFuTh/,2018-01-05T00:31:16.000Z,10
tahliaparis,https://www.instagram.com/p/BdDf6ZonfKW/,2017-12-23T18:23:15.000Z,10
lindseypelas,https://www.instagram.com/p/BejWOcFH3dE/,2018-01-29T23:45:42.000Z,0
kinadoll89,https://www.instagram.com/p/BanZmAjlA2u/,2017-10-24T03:30:41.000Z,10
lindseypelas,https://www.instagram.com/p/BdixAbOnk7V/,2018-01-04T21:49:05.000Z,10
missamandaparis,https://www.instagram.com/p/Bc2eUEmF5V7/,2017-12-18T16:59:09.000Z,10
lacikaysomers,https://www.instagram.com/p/BafJtwdliGQ/,2017-10-20T22:33:50.000Z,10
bryanaholly,https://www.instagram.com/p/Bd8ucP0g9EV/,2018-01-14T23:46:55.000Z,10
hot_is_the_new_black,https://www.instagram.com/p/BdKxa8bHcJ6/,2017-12-26T14:10:56.000Z,10
lindseypelas,https://www.instagram.com/p/BelnAXJnpN9/,2018-01-30T20:50:48.000Z,20
lindseypelas,https://www.instagram.com/p/Bd9MOrenCBW/,2018-01-15T04:07:13.000Z,10
osphilia_,https://www.instagram.com/p/BeiB6TYA8hN/,2018-01-29T11:28:57.000Z,110
simplytattooed,https://www.instagram.com/p/BecwVFNH_pH/,2018-01-27T10:19:07.000Z,10
emrata,https://www.instagram.com/p/BdisBK8l64E/,2018-01-04T21:05:29.000Z,10
leannabartlett,https://www.instagram.com/p/BeOkPlVlLOq/,2018-01-21T22:06:12.000Z,10
demirosemawby,https://www.instagram.com/p/Bcn5MgyldNr/,2017-12-13T01:05:27.000Z,10
miss_tina_louise,https://www.instagram.com/p/Bdx5EqKh2q8/,2018-01-10T18:48:10.000Z,10
bryanaholly,https://www.instagram.com/p/BcOakVuA3w1/,2017-12-03T03:36:48.000Z,10
simplytattooed,https://www.instagram.com/p/BeD1DgNHTCr/,2018-01-17T17:59:23.000Z,10
hot_is_the_new_black,https://www.instagram.com/p/Bdu0ke4nMXM/,2018-01-09T14:11:06.000Z,10
tahliaparis,https://www.instagram.com/p/BcsYkiWnhy4/,2017-12-14T18:56:34.000Z,10
missamandaparis,https://www.instagram.com/p/BbulM3_lODH/,2017-11-20T18:54:01.000Z,10
osphilia_,https://www.instagram.com/p/BeTXBk7glhB/,2018-01-23T18:45:41.000Z,10
osphilia_,https://www.instagram.com/p/BdxWxFrAJzY/,2018-01-10T13:48:24.000Z,10
missamandaparis,https://www.instagram.com/p/Bd24Ho9Fvgc/,2018-01-12T17:16:03.000Z,10
missamandaparis,https://www.instagram.com/p/BdDnhCdFg33/,2017-12-23T19:29:42.000Z,10
osphilia_,https://www.instagram.com/p/Bei7GrhAyI9/,2018-01-29T19:48:43.000Z,110
bimberkeck_,https://www.instagram.com/p/BbQyV5XlQI_/,2017-11-09T05:11:38.000Z,10
kinadoll89,https://www.instagram.com/p/Bcm6ksSldty/,2017-12-12T15:58:15.000Z,10
missamandaparis,https://www.instagram.com/p/BbsqiIxlcfE/,2017-11-20T01:02:08.000Z,10
tahliaparis,https://www.instagram.com/p/Bd5i8o0Hth8/,2018-01-13T18:08:46.000Z,10
tahliaparis,https://www.instagram.com/p/BdLVVibHvtk/,2017-12-26T19:27:19.000Z,10
osphilia_,https://www.instagram.com/p/Bdna6F8gIaM/,2018-01-06T17:12:11.000Z,10
anastasiahenesey,https://www.instagram.com/p/BVxMkRNlVgx/,2017-06-25T16:08:07.000Z,10
bryanaholly,https://www.instagram.com/p/BeRi75lAkUy/,2018-01-23T01:50:26.000Z,10
miss_tina_louise,https://www.instagram.com/p/BegWWKdAFqF/,2018-01-28T19:49:02.000Z,30
miss_tina_louise,https://www.instagram.com/p/BeaJKBzBCnJ/,2018-01-26T09:58:20.000Z,10
saraunderwood,https://www.instagram.com/p/Bcz4tzpFvu5/,2017-12-17T16:52:08.000Z,10
lacikaysomers,https://www.instagram.com/p/BcnvHh9lZ66/,2017-12-12T23:37:23.000Z,10
tahliaparis,https://www.instagram.com/p/BeLrJSIHf2e/,2018-01-20T19:06:43.000Z,10
miss_tina_louise,https://www.instagram.com/p/Bd3gxJMhSJq/,2018-01-12T23:11:14.000Z,10
osphilia_,https://www.instagram.com/p/BekyGcbgj_Q/,2018-01-30T13:08:31.000Z,20
saraunderwood,https://www.instagram.com/p/BcpYn2QHJqE/,2017-12-13T15:03:09.000Z,10
abigailratchford,https://www.instagram.com/p/BcFulxBFvco/,2017-11-29T18:39:01.000Z,10
missamandaparis,https://www.instagram.com/p/BdvGeyFl5eT/,2018-01-09T16:47:37.000Z,10
anastasiahenesey,https://www.instagram.com/p/BeLwGf3l1iB/,2018-01-20T19:50:02.000Z,10
saraunderwood,https://www.instagram.com/p/BcyOd4olSQq/,2017-12-17T01:23:43.000Z,10
saraunderwood,https://www.instagram.com/p/Bc9_W_jl8NB/,2017-12-21T15:10:56.000Z,10
kinadoll89,https://www.instagram.com/p/BeqfJZtF6_H/,2018-02-01T18:18:20.000Z,-10
emrata,https://www.instagram.com/p/Bc2oE8aFGJo/,2017-12-18T18:24:28.000Z,10
leannabartlett,https://www.instagram.com/p/BelQPlVlvi4/,2018-01-30T17:31:54.000Z,0
kinadoll89,https://www.instagram.com/p/BbUIEvOFwMf/,2017-11-10T12:19:15.000Z,10
hot_is_the_new_black,https://www.instagram.com/p/BdczpYGHNrB/,2018-01-02T14:16:42.000Z,10
hot_is_the_new_black,https://www.instagram.com/p/BeiTOxyHO0m/,2018-01-29T14:00:17.000Z,210
osphilia_,https://www.instagram.com/p/BeoCAJKgcWK/,2018-01-31T19:25:11.000Z,110
simplytattooed,https://www.instagram.com/p/BeQXaHrnxfS/,2018-01-22T14:50:28.000Z,10
dan_hecho,https://www.instagram.com/p/Bb85ih2n20_/,2017-11-26T08:21:06.000Z,10
leannabartlett,https://www.instagram.com/p/BebLKJuFHCZ/,2018-01-26T19:35:04.000Z,10
missamandaparis,https://www.instagram.com/p/BcVWTvkl4sh/,2017-12-05T20:14:16.000Z,10
miss_tina_louise,https://www.instagram.com/p/BdGMgN2BwMu/,2017-12-24T19:31:22.000Z,10
simplytattooed,https://www.instagram.com/p/Bej8TcBBXpW/,2018-01-30T05:18:26.000Z,10
lacikaysomers,https://www.instagram.com/p/BdWI9G4FnEC/,2017-12-31T00:08:13.000Z,10
lindseypelas,https://www.instagram.com/p/BdgpN0OH0CB/,2018-01-04T02:02:31.000Z,10
anastasiahenesey,https://www.instagram.com/p/BepW9TclE1W/,2018-02-01T07:52:06.000Z,10
demirosemawby,https://www.instagram.com/p/BbH7jxGl1zN/,2017-11-05T18:39:00.000Z,10
missamandaparis,https://www.instagram.com/p/BcBYpz6lwbn/,2017-11-28T02:09:57.000Z,10
miss_tina_louise,https://www.instagram.com/p/BdCCz6RBXok/,2017-12-23T04:49:43.000Z,10
missamandaparis,https://www.instagram.com/p/BebJboglbCc/,2018-01-26T19:19:59.000Z,10
miss_tina_louise,https://www.instagram.com/p/BdSoWoXBLJA/,2017-12-29T15:25:37.000Z,10
lindseypelas,https://www.instagram.com/p/BeqkmwwnTlB/,2018-02-01T19:06:02.000Z,10
bryanaholly,https://www.instagram.com/p/BbSXZNaAo5Y/,2017-11-09T19:54:38.000Z,10
hot_is_the_new_black,https://www.instagram.com/p/BbmUln4gLWH/,2017-11-17T13:54:56.000Z,10
bimberkeck_,https://www.instagram.com/p/BOQkRgPgsor/,2016-12-21T00:20:34.000Z,10
abigailratchford,https://www.instagram.com/p/BeUKcJEloV9/,2018-01-24T02:14:06.000Z,10
hot_is_the_new_black,https://www.instagram.com/p/Bati2_Vg2od/,2017-10-26T12:42:55.000Z,10
bryanaholly,https://www.instagram.com/p/Bbv9HoiA7KB/,2017-11-21T07:42:16.000Z,10
hot_is_the_new_black,https://www.instagram.com/p/BbpAbO_gFx3/,2017-11-18T14:56:28.000Z,10
lindseypelas,https://www.instagram.com/p/BeeleCFHqqm/,2018-01-28T03:22:42.000Z,110
simplytattooed,https://www.instagram.com/p/BeGals_HvS4/,2018-01-18T18:05:51.000Z,10
demirosemawby,https://www.instagram.com/p/BbfmfbAFqTJ/,2017-11-14T23:16:41.000Z,10
playmateiryna,https://www.instagram.com/p/Bd0ELB8n7bx/,2018-01-11T15:03:38.000Z,10
lindseypelas,https://www.instagram.com/p/Bc8lSGhH8lz/,2017-12-21T02:00:54.000Z,10
saraunderwood,https://www.instagram.com/p/Bc3TiErly7W/,2017-12-19T00:44:11.000Z,10
saraunderwood,https://www.instagram.com/p/BcQvjhKnWGA/,2017-12-04T01:18:40.000Z,10
demirosemawby,https://www.instagram.com/p/BcsfGnylIqK/,2017-12-14T19:53:39.000Z,10
demirosemawby,https://www.instagram.com/p/BdGXPgjF8ZH/,2017-12-24T21:05:13.000Z,10
bimberkeck_,https://www.instagram.com/p/BcYEnzpFtGU/,2017-12-06T21:37:26.000Z,10
lindseypelas,https://www.instagram.com/p/Bd21SfLHp6D/,2018-01-12T16:52:19.000Z,10
abigailratchford,https://www.instagram.com/p/BeWODgollYt/,2018-01-24T21:24:10.000Z,10
missamandaparis,https://www.instagram.com/p/BdiY3k7lpgh/,2018-01-04T18:20:30.000Z,10
bryanaholly,https://www.instagram.com/p/Bc4mZfuAmZN/,2017-12-19T12:48:17.000Z,10
tahliaparis,https://www.instagram.com/p/Bdg2ttFnX8a/,2018-01-04T04:00:28.000Z,10
jessicakes33,https://www.instagram.com/p/BeGq3XanKAE/,2018-01-18T20:28:04.000Z,10
emrata,https://www.instagram.com/p/BdxrqOHFbS2/,2018-01-10T16:50:58.000Z,10
emrata,https://www.instagram.com/p/BcX3eCQFaov/,2017-12-06T19:42:31.000Z,10
tahliaparis,https://www.instagram.com/p/BcDQ7edH9uO/,2017-11-28T19:40:56.000Z,10
bimberkeck_,https://www.instagram.com/p/BVvlX1UloJm/,2017-06-25T01:06:24.000Z,10
saraunderwood,https://www.instagram.com/p/BcK0g1UneEv/,2017-12-01T18:06:33.000Z,10
playmateiryna,https://www.instagram.com/p/BeYJhQ2nNwA/,2018-01-25T15:23:02.000Z,10
lacikaysomers,https://www.instagram.com/p/BeTeQnHFJlg/,2018-01-23T19:48:03.000Z,10
emrata,https://www.instagram.com/p/BcPlROrF_6V/,2017-12-03T14:32:33.000Z,10
hot_is_the_new_black,https://www.instagram.com/p/BdC1ucuHhbp/,2017-12-23T12:14:37.000Z,10
emrata,https://www.instagram.com/p/Bc2ozkslQxf/,2017-12-18T18:30:50.000Z,10
anastasiahenesey,https://www.instagram.com/p/BZeaFa_hzAc/,2017-09-25T19:06:15.000Z,10
lindseypelas,https://www.instagram.com/p/BdazPmmHjCV/,2018-01-01T19:34:42.000Z,10
missamandaparis,https://www.instagram.com/p/BbvDve4lTtR/,2017-11-20T23:20:53.000Z,10
miss_tina_louise,https://www.instagram.com/p/BcckLsjgjdR/,2017-12-08T15:30:11.000Z,10
jessicakes33,https://www.instagram.com/p/BeGKjRunxy6/,2018-01-18T15:45:43.000Z,10
jessicakes33,https://www.instagram.com/p/Bdv5GURH6w_/,2018-01-10T00:09:55.000Z,10
abigailratchford,https://www.instagram.com/p/BZRIeKRFv3L/,2017-09-20T15:22:13.000Z,10
simplytattooed,https://www.instagram.com/p/BeFq_s4Hs23/,2018-01-18T11:09:58.000Z,10
leannabartlett,https://www.instagram.com/p/BcYBraUlaGZ/,2017-12-06T21:11:43.000Z,10
simplytattooed,https://www.instagram.com/p/BepodMxnrLM/,2018-02-01T10:20:27.000Z,0
demirosemawby,https://www.instagram.com/p/Bcda5E9FHbX/,2017-12-08T23:28:14.000Z,10
leannabartlett,https://www.instagram.com/p/BciH4x2l0LO/,2017-12-10T19:18:23.000Z,10
demirosemawby,https://www.instagram.com/p/BeBHA97FRnT/,2018-01-16T16:38:37.000Z,10
dan_hecho,https://www.instagram.com/p/BbxbRSTnowz/,2017-11-21T21:24:58.000Z,10
saraunderwood,https://www.instagram.com/p/BcSlwDXHIae/,2017-12-04T18:31:29.000Z,10
leannabartlett,https://www.instagram.com/p/Beq0sbxF_Q0/,2018-02-01T21:32:55.000Z,10
osphilia_,https://www.instagram.com/p/BdfHrgXABdu/,2018-01-03T11:50:14.000Z,10
tahliaparis,https://www.instagram.com/p/Bd3Mxs3nJOW/,2018-01-12T20:16:33.000Z,10
missamandaparis,https://www.instagram.com/p/BcnOSf8lhu0/,2017-12-12T18:50:31.000Z,10
jessicakes33,https://www.instagram.com/p/BeVrVOjH6Uk/,2018-01-24T16:20:45.000Z,10
hot_is_the_new_black,https://www.instagram.com/p/BbUIrZVgh76/,2017-11-10T12:24:43.000Z,10
hot_is_the_new_black,https://www.instagram.com/p/BcxPEO1nocV/,2017-12-16T16:09:43.000Z,10
demirosemawby,https://www.instagram.com/p/BbIdcBll4QX/,2017-11-05T23:35:03.000Z,10
simplytattooed,https://www.instagram.com/p/BeUm31anrLT/,2018-01-24T06:22:33.000Z,10
tahliaparis,https://www.instagram.com/p/BbsbO5Ln3pq/,2017-11-19T22:48:26.000Z,10
leannabartlett,https://www.instagram.com/p/BdenB2pl1MW/,2018-01-03T07:04:56.000Z,10
simplytattooed,https://www.instagram.com/p/BeClTZznF3E/,2018-01-17T06:22:31.000Z,10
abigailratchford,https://www.instagram.com/p/BccuGyll30b/,2017-12-08T16:56:54.000Z,10
bryanaholly,https://www.instagram.com/p/BdrXuZFg7Ih/,2018-01-08T06:01:20.000Z,10
miss_tina_louise,https://www.instagram.com/p/BeUfjyghOev/,2018-01-24T05:18:39.000Z,10
tahliaparis,https://www.instagram.com/p/BdGD31hnf8p/,2017-12-24T18:15:57.000Z,10
bimberkeck_,https://www.instagram.com/p/BVqZGzAFAv6/,2017-06-23T00:43:00.000Z,10
hot_is_the_new_black,https://www.instagram.com/p/Beac7zFnQ9Q/,2018-01-26T12:51:09.000Z,10
simplytattooed,https://www.instagram.com/p/BeTThmBHliM/,2018-01-23T18:14:15.000Z,10
kinadoll89,https://www.instagram.com/p/BbFuH3xlqrx/,2017-11-04T22:03:07.000Z,10
bimberkeck_,https://www.instagram.com/p/BXA9c4dlVGW/,2017-07-26T15:35:17.000Z,10
leannabartlett,https://www.instagram.com/p/BdqfGx9FAKS/,2018-01-07T21:46:35.000Z,10
saraunderwood,https://www.instagram.com/p/Bdf0Y42lbA3/,2018-01-03T18:20:55.000Z,10
bryanaholly,https://www.instagram.com/p/BcMnAclgME8/,2017-12-02T10:47:01.000Z,10
miss_tina_louise,https://www.instagram.com/p/BckSKetAoIZ/,2017-12-11T15:26:39.000Z,10
demirosemawby,https://www.instagram.com/p/BbXDuHhl2Ya/,2017-11-11T15:38:56.000Z,10
hot_is_the_new_black,https://www.instagram.com/p/Bdz_U_SnSjw/,2018-01-11T14:21:19.000Z,10
lindseypelas,https://www.instagram.com/p/BeBNjxkns3B/,2018-01-16T17:35:47.000Z,10
miss_tina_louise,https://www.instagram.com/p/Bc8t6CnASKc/,2017-12-21T03:10:51.000Z,10
hot_is_the_new_black,https://www.instagram.com/p/BaZMrV7A_H8/,2017-10-18T15:04:17.000Z,10
osphilia_,https://www.instagram.com/p/BeNr7_sANd5/,2018-01-21T13:52:08.000Z,10
lacikaysomers,https://www.instagram.com/p/BcSnEmuFAb_/,2017-12-04T18:43:02.000Z,10
jessicakes33,https://www.instagram.com/p/Bd5qBk6HrOL/,2018-01-13T19:10:36.000Z,10
bimberkeck_,https://www.instagram.com/p/BdkgA8kFHbw/,2018-01-05T13:59:05.000Z,10
anastasiahenesey,https://www.instagram.com/p/BeUJ7GPFuBQ/,2018-01-24T02:09:35.000Z,10
kinadoll89,https://www.instagram.com/p/BcWVs7oFFsh/,2017-12-06T05:28:12.000Z,10
kinadoll89,https://www.instagram.com/p/BeNFIisF8YF/,2018-01-21T08:13:03.000Z,10
hot_is_the_new_black,https://www.instagram.com/p/Bb7FW1Rg5pM/,2017-11-25T15:25:53.000Z,10
miss_tina_louise,https://www.instagram.com/p/BcyDjcBAmw2/,2017-12-16T23:48:22.000Z,10
leannabartlett,https://www.instagram.com/p/Bd4KonHlXbU/,2018-01-13T05:17:04.000Z,10
emrata,https://www.instagram.com/p/BcT7FxLlcll/,2017-12-05T06:57:11.000Z,10
saraunderwood,https://www.instagram.com/p/Bd7658ZFBPq/,2018-01-14T16:16:35.000Z,10
kinadoll89,https://www.instagram.com/p/Ba_i4Yblkyz/,2017-11-02T12:30:44.000Z,10
saraunderwood,https://www.instagram.com/p/BdTxCDuFzfH/,2017-12-30T02:00:42.000Z,10
dan_hecho,https://www.instagram.com/p/BbHggewn7Np/,2017-11-05T14:42:38.000Z,10
lindseypelas,https://www.instagram.com/p/Bcu76sPH1SX/,2017-12-15T18:43:54.000Z,10
lindseypelas,https://www.instagram.com/p/Bd_7xncHHBW/,2018-01-16T05:41:09.000Z,10
playmateiryna,https://www.instagram.com/p/BeibuqgH0_y/,2018-01-29T15:14:33.000Z,310
dan_hecho,https://www.instagram.com/p/BbAGnA8HS0Z/,2017-11-02T17:41:39.000Z,10
abigailratchford,https://www.instagram.com/p/BeldI3fla9t/,2018-01-30T19:24:35.000Z,20
emrata,https://www.instagram.com/p/BclWtfmlHag/,2017-12-12T01:25:38.000Z,10
hot_is_the_new_black,https://www.instagram.com/p/Bc41MFSnwvq/,2017-12-19T14:57:31.000Z,10
lindseypelas,https://www.instagram.com/p/BdOMjE2Hnlf/,2017-12-27T22:05:41.000Z,10
kinadoll89,https://www.instagram.com/p/BdJIJItFEv1/,2017-12-25T22:51:00.000Z,10
dan_hecho,https://www.instagram.com/p/BckrZCxnogY/,2017-12-11T19:07:06.000Z,10
kinadoll89,https://www.instagram.com/p/BcED6pOlYHy/,2017-11-29T03:09:14.000Z,10
emrata,https://www.instagram.com/p/BelDu5pFKOk/,2018-01-30T15:42:35.000Z,30
abigailratchford,https://www.instagram.com/p/BcdQDUgl0b3/,2017-12-08T21:53:31.000Z,10
bimberkeck_,https://www.instagram.com/p/BR3Pf4AA2L2/,2017-03-20T14:23:36.000Z,10
kinadoll89,https://www.instagram.com/p/Bc6HJchFUf8/,2017-12-20T02:53:41.000Z,10
osphilia_,https://www.instagram.com/p/Bd9_Lssgpsi/,2018-01-15T11:32:27.000Z,10
leannabartlett,https://www.instagram.com/p/BbP6FQsFZcr/,2017-11-08T21:00:01.000Z,10
lindseypelas,https://www.instagram.com/p/BdqbS9YnlTW/,2018-01-07T21:13:18.000Z,10
playmateiryna,https://www.instagram.com/p/BdfdpZDnA99/,2018-01-03T15:03:51.000Z,10
osphilia_,https://www.instagram.com/p/BdvB54egkMe/,2018-01-09T16:07:37.000Z,10
lindseypelas,https://www.instagram.com/p/BeYbp_UnUOx/,2018-01-25T18:01:30.000Z,10
saraunderwood,https://www.instagram.com/p/Bc41nNiFmAb/,2017-12-19T15:01:14.000Z,10
lindseypelas,https://www.instagram.com/p/Bdte3q8H5nh/,2018-01-09T01:42:15.000Z,10
saraunderwood,https://www.instagram.com/p/BdwCUDil34w/,2018-01-10T01:30:26.000Z,10
bryanaholly,https://www.instagram.com/p/Bc973Jygoww/,2017-12-21T14:32:02.000Z,10
leannabartlett,https://www.instagram.com/p/Bd9OGuylauh/,2018-01-15T04:23:36.000Z,10
lindseypelas,https://www.instagram.com/p/BdLva6vnkT6/,2017-12-26T23:12:41.000Z,10
bryanaholly,https://www.instagram.com/p/Bczq6UrgEMG/,2017-12-17T14:51:31.000Z,10
bimberkeck_,https://www.instagram.com/p/BONnm3zAduV/,2016-12-19T20:51:59.000Z,10
bryanaholly,https://www.instagram.com/p/Bc7NWbdAuuS/,2017-12-20T13:07:08.000Z,10
emrata,https://www.instagram.com/p/BcUxtU8lXzc/,2017-12-05T14:54:27.000Z,10
jessicakes33,https://www.instagram.com/p/BdgpSGynr62/,2018-01-04T02:03:06.000Z,10
jessicakes33,https://www.instagram.com/p/BelQdPBnZ5z/,2018-01-30T17:33:46.000Z,20
hot_is_the_new_black,https://www.instagram.com/p/BdfZQGnncGh/,2018-01-03T14:24:14.000Z,10
osphilia_,https://www.instagram.com/p/BdXpsGtgrge/,2017-12-31T14:13:30.000Z,10
saraunderwood,https://www.instagram.com/p/BdBZbKgFvAM/,2017-12-22T22:48:05.000Z,10
leannabartlett,https://www.instagram.com/p/BcdEfEblNre/,2017-12-08T20:12:27.000Z,10
leannabartlett,https://www.instagram.com/p/Bb3Ohpwl0ZV/,2017-11-24T03:29:03.000Z,10
osphilia_,https://www.instagram.com/p/Bdcfw3wgoD2/,2018-01-02T11:22:58.000Z,10
abigailratchford,https://www.instagram.com/p/Bd6T9ZhFLb6/,2018-01-14T01:17:02.000Z,10
simplytattooed,https://www.instagram.com/p/BeVhbrvHtA6/,2018-01-24T14:54:15.000Z,10
lindseypelas,https://www.instagram.com/p/BedzjckHyjc/,2018-01-27T20:06:32.000Z,110
demirosemawby,https://www.instagram.com/p/Bcp1JOlF435/,2017-12-13T19:08:31.000Z,10
saraunderwood,https://www.instagram.com/p/BcxC8RUlDSI/,2017-12-16T14:23:46.000Z,10
bryanaholly,https://www.instagram.com/p/BdJifpKgYhb/,2017-12-26T02:41:15.000Z,10
dan_hecho,https://www.instagram.com/p/Bcft9VonZ96/,2017-12-09T20:53:20.000Z,10
abigailratchford,https://www.instagram.com/p/BaL5lGKlqJF/,2017-10-13T11:07:17.000Z,10
jessicakes33,https://www.instagram.com/p/BeBb8I6noVu/,2018-01-16T19:41:27.000Z,10
tahliaparis,https://www.instagram.com/p/Bbh3CWYHCFZ/,2017-11-15T20:19:45.000Z,10
abigailratchford,https://www.instagram.com/p/BdRhDopFRnl/,2017-12-29T05:02:37.000Z,10
anastasiahenesey,https://www.instagram.com/p/BeBhetblHq7/,2018-01-16T20:29:52.000Z,10
tahliaparis,https://www.instagram.com/p/BcGIhouHxhT/,2017-11-29T22:25:13.000Z,10
jessicakes33,https://www.instagram.com/p/BdvTt0_HvkY/,2018-01-09T18:43:44.000Z,10
bryanaholly,https://www.instagram.com/p/Beq7_65geg4/,2018-02-01T22:30:27.000Z,10
leannabartlett,https://www.instagram.com/p/BcaKz59lMms/,2017-12-07T17:13:58.000Z,10
hot_is_the_new_black,https://www.instagram.com/p/BenZJ7jnv2P/,2018-01-31T13:28:16.000Z,30
abigailratchford,https://www.instagram.com/p/BbxugMsFj5k/,2017-11-22T00:13:01.000Z,10
anastasiahenesey,https://www.instagram.com/p/BPQFK5bgP8M/,2017-01-14T16:20:11.000Z,10
abigailratchford,https://www.instagram.com/p/BcweVGaF_fD/,2017-12-16T09:03:51.000Z,10
kinadoll89,https://www.instagram.com/p/Ba23dt4F3xp/,2017-10-30T03:36:08.000Z,10
missamandaparis,https://www.instagram.com/p/Bb20cuMlUV7/,2017-11-23T23:41:11.000Z,10
osphilia_,https://www.instagram.com/p/BdPqHYDgvhd/,2017-12-28T11:43:17.000Z,10
lacikaysomers,https://www.instagram.com/p/BeGKyCgl3_d/,2018-01-18T15:47:44.000Z,10
kinadoll89,https://www.instagram.com/p/BelabTplbRs/,2018-01-30T19:00:53.000Z,10
anastasiahenesey,https://www.instagram.com/p/BeMrk9DlZzz/,2018-01-21T04:29:44.000Z,10
hot_is_the_new_black,https://www.instagram.com/p/Bek12BoHXof/,2018-01-30T13:41:14.000Z,10
lacikaysomers,https://www.instagram.com/p/BbfghIjlUot/,2017-11-14T22:24:29.000Z,10
lacikaysomers,https://www.instagram.com/p/BeLOWuwl_4J/,2018-01-20T14:55:09.000Z,10
lacikaysomers,https://www.instagram.com/p/BegdZizF8T4/,2018-01-28T20:50:40.000Z,10
lacikaysomers,https://www.instagram.com/p/BarrkeAFTxn/,2017-10-25T19:20:33.000Z,10
simplytattooed,https://www.instagram.com/p/BeT8C4PnJev/,2018-01-24T00:08:19.000Z,10
missamandaparis,https://www.instagram.com/p/BbpttLNlHy0/,2017-11-18T21:32:39.000Z,10
lindseypelas,https://www.instagram.com/p/BeKMkW9HTtb/,2018-01-20T05:20:18.000Z,10
osphilia_,https://www.instagram.com/p/BeLXYvFgXlI/,2018-01-20T16:14:04.000Z,10
simplytattooed,https://www.instagram.com/p/BeRXnpPHeKw/,2018-01-23T00:11:33.000Z,10
demirosemawby,https://www.instagram.com/p/BdslKICl6rF/,2018-01-08T17:17:57.000Z,10
simplytattooed,https://www.instagram.com/p/BeSk1UdHrAJ/,2018-01-23T11:26:15.000Z,10
bimberkeck_,https://www.instagram.com/p/BeQ7ggMl4P0/,2018-01-22T20:05:54.000Z,10
hot_is_the_new_black,https://www.instagram.com/p/BdpxoU8AS8W/,2018-01-07T15:09:13.000Z,10
dan_hecho,https://www.instagram.com/p/Bc3JNR4nUte/,2017-12-18T23:13:58.000Z,10
emrata,https://www.instagram.com/p/Bc2oT19FVCd/,2017-12-18T18:26:30.000Z,10
demirosemawby,https://www.instagram.com/p/BbX7KPvFu8u/,2017-11-11T23:43:22.000Z,10
anastasiahenesey,https://www.instagram.com/p/BOyGGi2An7I/,2017-01-03T00:51:07.000Z,10
anastasiahenesey,https://www.instagram.com/p/BWvfTcVBqLY/,2017-07-19T20:44:45.000Z,10
osphilia_,https://www.instagram.com/p/BeVNITugEDZ/,2018-01-24T11:56:51.000Z,10
demirosemawby,https://www.instagram.com/p/BbP6hP4lOZN/,2017-11-08T21:03:51.000Z,10
kinadoll89,https://www.instagram.com/p/Ba0ZbBwl723/,2017-10-29T04:35:09.000Z,10
saraunderwood,https://www.instagram.com/p/Bdxz5Ijlyzv/,2018-01-10T18:02:54.000Z,10
abigailratchford,https://www.instagram.com/p/BbNwIUIlF1I/,2017-11-08T00:54:35.000Z,10
demirosemawby,https://www.instagram.com/p/Bb2zrcAFpFL/,2017-11-23T23:34:27.000Z,10
missamandaparis,https://www.instagram.com/p/BdjCXQmlwqF/,2018-01-05T00:20:45.000Z,10
emrata,https://www.instagram.com/p/BdDZwM0lDPr/,2017-12-23T17:32:25.000Z,10
lacikaysomers,https://www.instagram.com/p/BdQ3azrFnbH/,2017-12-28T22:58:47.000Z,10
saraunderwood,https://www.instagram.com/p/BcukTZCFzXr/,2017-12-15T15:17:34.000Z,10
leannabartlett,https://www.instagram.com/p/BcivJpyF27f/,2017-12-11T01:01:28.000Z,10
anastasiahenesey,https://www.instagram.com/p/BL_7HKKgVjs/,2016-10-25T20:10:16.000Z,10
emrata,https://www.instagram.com/p/Bcxv9OUlJ8t/,2017-12-16T20:57:07.000Z,10
lindseypelas,https://www.instagram.com/p/BcscGJ_nMOo/,2017-12-14T19:27:22.000Z,10
lacikaysomers,https://www.instagram.com/p/BeosTc4lIOv/,2018-02-01T01:34:49.000Z,10
leannabartlett,https://www.instagram.com/p/Bb7vQ8KFpH1/,2017-11-25T21:32:05.000Z,10
tahliaparis,https://www.instagram.com/p/Bc2oIaIHf6l/,2017-12-18T18:24:57.000Z,10
missamandaparis,https://www.instagram.com/p/BcnucH3lOet/,2017-12-12T23:36:01.000Z,10
jessicakes33,https://www.instagram.com/p/BeHi3kEn_7I/,2018-01-19T04:37:26.000Z,10
saraunderwood,https://www.instagram.com/p/Bc7aJXYFb0G/,2017-12-20T14:58:57.000Z,10
lacikaysomers,https://www.instagram.com/p/Bc2xSoOF8z5/,2017-12-18T19:44:59.000Z,10
bryanaholly,https://www.instagram.com/p/Bb5XQm2gGTW/,2017-11-24T23:23:50.000Z,10
demirosemawby,https://www.instagram.com/p/Bc3EfdFl1rZ/,2017-12-18T22:32:45.000Z,10
leannabartlett,https://www.instagram.com/p/Bc5EIjBliql/,2017-12-19T17:08:07.000Z,10
demirosemawby,https://www.instagram.com/p/BdDeG3GFoOI/,2017-12-23T18:07:29.000Z,10
saraunderwood,https://www.instagram.com/p/Bch6zCen2sq/,2017-12-10T17:24:00.000Z,10
leannabartlett,https://www.instagram.com/p/BbCxHJjlco_/,2017-11-03T18:31:31.000Z,10
miss_tina_louise,https://www.instagram.com/p/BeQ2xa8Bv5K/,2018-01-22T19:24:31.000Z,10
kinadoll89,https://www.instagram.com/p/Bdg3lhOlPbJ/,2018-01-04T04:08:06.000Z,10
leannabartlett,https://www.instagram.com/p/BdqOs1AFGwT/,2018-01-07T19:25:14.000Z,10
anastasiahenesey,https://www.instagram.com/p/BXWtmr1hx_7/,2017-08-04T02:20:06.000Z,10
hot_is_the_new_black,https://www.instagram.com/p/BdFpBy7ndaD/,2017-12-24T14:21:23.000Z,10
demirosemawby,https://www.instagram.com/p/BbNGTlylsOe/,2017-11-07T18:49:07.000Z,10
dan_hecho,https://www.instagram.com/p/Bdj876DHgwP/,2018-01-05T08:52:34.000Z,10
lacikaysomers,https://www.instagram.com/p/Bbu56GjlYGD/,2017-11-20T21:54:57.000Z,10
miss_tina_louise,https://www.instagram.com/p/Bch4EUIgaTK/,2017-12-10T17:00:09.000Z,10
kinadoll89,https://www.instagram.com/p/BdEM5wFlQEe/,2017-12-24T00:56:23.000Z,10
saraunderwood,https://www.instagram.com/p/BdQfKYMllPz/,2017-12-28T19:26:49.000Z,10
demirosemawby,https://www.instagram.com/p/Bbkjv9GlU1g/,2017-11-16T21:28:56.000Z,10
saraunderwood,https://www.instagram.com/p/BdauAQvFsxI/,2018-01-01T18:48:55.000Z,10
bryanaholly,https://www.instagram.com/p/Bd1eKmYA70g/,2018-01-12T04:10:01.000Z,10
saraunderwood,https://www.instagram.com/p/BcGhV9PnPt4/,2017-11-30T02:02:05.000Z,10
emrata,https://www.instagram.com/p/BeD1JVDFiM6/,2018-01-17T18:00:11.000Z,10
bimberkeck_,https://www.instagram.com/p/BRAGaCmA0Ym/,2017-02-27T04:25:56.000Z,10
kinadoll89,https://www.instagram.com/p/BcUIn5xFRX8/,2017-12-05T08:55:27.000Z,10
lindseypelas,https://www.instagram.com/p/BdYmINqHSR3/,2017-12-31T23:01:37.000Z,10
missamandaparis,https://www.instagram.com/p/BcdnCGhF3hK/,2017-12-09T01:14:20.000Z,10
hot_is_the_new_black,https://www.instagram.com/p/BeF6EeQHKzo/,2018-01-18T13:21:42.000Z,10
lacikaysomers,https://www.instagram.com/p/BcWA37KF_92/,2017-12-06T02:26:12.000Z,10
leannabartlett,https://www.instagram.com/p/Bbhji5QlSTt/,2017-11-15T17:30:29.000Z,10
jessicakes33,https://www.instagram.com/p/BeO_6M5nt4I/,2018-01-22T02:06:42.000Z,10
simplytattooed,https://www.instagram.com/p/BeqNR6dnYvm/,2018-02-01T15:42:13.000Z,20
leannabartlett,https://www.instagram.com/p/BbZ_2TaFDbx/,2017-11-12T19:02:49.000Z,10
anastasiahenesey,https://www.instagram.com/p/BMuwHnpAZ3X/,2016-11-13T00:38:31.000Z,10
leannabartlett,https://www.instagram.com/p/BdiYi9AFDBB/,2018-01-04T18:15:20.000Z,10
osphilia_,https://www.instagram.com/p/BeIRUBIgS5i/,2018-01-19T11:23:16.000Z,10
saraunderwood,https://www.instagram.com/p/BcclBHrHKOd/,2017-12-08T15:37:29.000Z,10
kinadoll89,https://www.instagram.com/p/BeeCXoYFmgF/,2018-01-27T22:15:59.000Z,10
kinadoll89,https://www.instagram.com/p/BbT48SXFYpZ/,2017-11-10T10:07:01.000Z,10
dan_hecho,https://www.instagram.com/p/BdhWeTfHnJH/,2018-01-04T08:37:59.000Z,10
kinadoll89,https://www.instagram.com/p/BdEoELJlVK5/,2017-12-24T04:53:44.000Z,10
anastasiahenesey,https://www.instagram.com/p/BaNCFZ9Bu67/,2017-10-13T21:40:50.000Z,10
abigailratchford,https://www.instagram.com/p/Bb8Ry1clTqn/,2017-11-26T02:33:48.000Z,10
demirosemawby,https://www.instagram.com/p/BeL78rMlyhB/,2018-01-20T21:33:33.000Z,10
abigailratchford,https://www.instagram.com/p/BeZFMDFF32A/,2018-01-26T00:04:25.000Z,0
osphilia_,https://www.instagram.com/p/BeXw_NlAl40/,2018-01-25T11:48:40.000Z,10
missamandaparis,https://www.instagram.com/p/BcI0PcQl2wl/,2017-11-30T23:25:42.000Z,10
lacikaysomers,https://www.instagram.com/p/BciUcx3lFPR/,2017-12-10T21:08:09.000Z,10
bimberkeck_,https://www.instagram.com/p/BTApN2egzE2/,2017-04-18T02:32:53.000Z,10
miss_tina_louise,https://www.instagram.com/p/BeD7YiZhHYF/,2018-01-17T18:54:41.000Z,10
missamandaparis,https://www.instagram.com/p/BeBIRhWFohk/,2018-01-16T16:49:36.000Z,10
leannabartlett,https://www.instagram.com/p/BeB4Z6hl4pQ/,2018-01-16T23:50:11.000Z,10
playmateiryna,https://www.instagram.com/p/BeQaJj3ndH7/,2018-01-22T15:18:17.000Z,10
anastasiahenesey,https://www.instagram.com/p/Bbs9fngFIsr/,2017-11-20T03:47:49.000Z,10
abigailratchford,https://www.instagram.com/p/BdmGF7bFcQ6/,2018-01-06T04:51:03.000Z,10
emrata,https://www.instagram.com/p/Bcr5hBQl2mx/,2017-12-14T14:25:12.000Z,10
miss_tina_louise,https://www.instagram.com/p/BcqDO6cAF5O/,2017-12-13T21:11:38.000Z,10
osphilia_,https://www.instagram.com/p/BdkgFUsgc7r/,2018-01-05T13:59:41.000Z,10
saraunderwood,https://www.instagram.com/p/Bd1BiPaFLsp/,2018-01-11T23:59:50.000Z,10
kinadoll89,https://www.instagram.com/p/Bd_sTrylZDk/,2018-01-16T03:26:00.000Z,10
jessicakes33,https://www.instagram.com/p/Bdn7Zx6g5Ua/,2018-01-06T21:56:08.000Z,10
leannabartlett,https://www.instagram.com/p/BeJGFK_lKwQ/,2018-01-19T19:04:22.000Z,10
simplytattooed,https://www.instagram.com/p/BeSCPSyHwBM/,2018-01-23T06:23:58.000Z,10
tahliaparis,https://www.instagram.com/p/BeD93ecHe0I/,2018-01-17T19:16:23.000Z,10
lacikaysomers,https://www.instagram.com/p/Bda2FOSFFsL/,2018-01-01T20:00:13.000Z,10
kinadoll89,https://www.instagram.com/p/BcLwJ52lbzC/,2017-12-02T02:47:43.000Z,10
anastasiahenesey,https://www.instagram.com/p/BW0EaLoBeTp/,2017-07-21T15:25:57.000Z,10
demirosemawby,https://www.instagram.com/p/BbkvSktFzH3/,2017-11-16T23:09:46.000Z,10
miss_tina_louise,https://www.instagram.com/p/BcQEIGiAgSt/,2017-12-03T18:59:11.000Z,10
kinadoll89,https://www.instagram.com/p/BaxERmvlOoD/,2017-10-27T21:32:38.000Z,10
missamandaparis,https://www.instagram.com/p/BcQCXq5lWE0/,2017-12-03T18:43:50.000Z,10
simplytattooed,https://www.instagram.com/p/BeYHojCHDMQ/,2018-01-25T15:06:33.000Z,10
kinadoll89,https://www.instagram.com/p/BbAbG10FFgS/,2017-11-02T20:40:45.000Z,10
leannabartlett,https://www.instagram.com/p/BdftHh3lEwP/,2018-01-03T17:17:23.000Z,10
kinadoll89,https://www.instagram.com/p/BejbHhWFG1H/,2018-01-30T00:28:27.000Z,110
lindseypelas,https://www.instagram.com/p/BdE4oKfH2Ft/,2017-12-24T07:18:27.000Z,10
bimberkeck_,https://www.instagram.com/p/Bc4khZvF0nO/,2017-12-19T12:31:53.000Z,10
anastasiahenesey,https://www.instagram.com/p/BMcgJCcAhEt/,2016-11-05T22:32:34.000Z,10
saraunderwood,https://www.instagram.com/p/BeI0BGZlT_M/,2018-01-19T16:26:32.000Z,10
miss_tina_louise,https://www.instagram.com/p/BePH9FBh5sT/,2018-01-22T03:16:11.000Z,10
playmateiryna,https://www.instagram.com/p/BdaroIUnKWR/,2018-01-01T18:29:55.000Z,10
bryanaholly,https://www.instagram.com/p/Bdu0Iihglsx/,2018-01-09T14:07:17.000Z,10
simplytattooed,https://www.instagram.com/p/BeKTsGtnS38/,2018-01-20T06:22:31.000Z,10
hot_is_the_new_black,https://www.instagram.com/p/Bc9vtwgHt1j/,2017-12-21T12:45:54.000Z,10
abigailratchford,https://www.instagram.com/p/BdEIdK7lZPf/,2017-12-24T00:17:31.000Z,10
missamandaparis,https://www.instagram.com/p/BcsVgJRFgvp/,2017-12-14T18:29:45.000Z,10
miss_tina_louise,https://www.instagram.com/p/BcO1FFcg9Ly/,2017-12-03T07:28:28.000Z,10
simplytattooed,https://www.instagram.com/p/BeIPXGhnysD/,2018-01-19T11:06:13.000Z,10
emrata,https://www.instagram.com/p/BeQoZgBFldh/,2018-01-22T17:18:55.000Z,10
abigailratchford,https://www.instagram.com/p/BeoCeR6FPkV/,2018-01-31T19:29:18.000Z,0
demirosemawby,https://www.instagram.com/p/Ba9n_eJF8EQ/,2017-11-01T18:36:10.000Z,10
miss_tina_louise,https://www.instagram.com/p/Bdyn1zfhi_3/,2018-01-11T01:36:50.000Z,10
saraunderwood,https://www.instagram.com/p/BcIjnzGHf8j/,2017-11-30T21:00:28.000Z,10
abigailratchford,https://www.instagram.com/p/Bd_8ilaFVmh/,2018-01-16T05:47:50.000Z,10
anastasiahenesey,https://www.instagram.com/p/BaDCT8uB9hM/,2017-10-10T00:30:25.000Z,10
osphilia_,https://www.instagram.com/p/BeQDR9OgKN5/,2018-01-22T11:54:35.000Z,10
leannabartlett,https://www.instagram.com/p/BbS0e7xls4F/,2017-11-10T00:08:49.000Z,10
lindseypelas,https://www.instagram.com/p/BeLsn6hnQjB/,2018-01-20T19:19:39.000Z,10
emrata,https://www.instagram.com/p/BcdI8XBlT9R/,2017-12-08T20:51:24.000Z,10
abigailratchford,https://www.instagram.com/p/BbfbbIulGaM/,2017-11-14T21:39:59.000Z,10
kinadoll89,https://www.instagram.com/p/BcuptFhF0kW/,2017-12-15T16:05:44.000Z,10
emrata,https://www.instagram.com/p/Bc71pD5F_zJ/,2017-12-20T18:59:12.000Z,10
miss_tina_louise,https://www.instagram.com/p/Bd8UP08B0ro/,2018-01-14T19:58:02.000Z,10
missamandaparis,https://www.instagram.com/p/BeGbfN9lnEo/,2018-01-18T18:13:42.000Z,10
missamandaparis,https://www.instagram.com/p/BeLu0ZWlHxf/,2018-01-20T19:38:49.000Z,10
tahliaparis,https://www.instagram.com/p/BciMMCPnoyt/,2017-12-10T19:57:09.000Z,10
jessicakes33,https://www.instagram.com/p/BeR9mUnHWNW/,2018-01-23T05:43:25.000Z,10
kinadoll89,https://www.instagram.com/p/BcpBruGFlde/,2017-12-13T11:38:51.000Z,10
lindseypelas,https://www.instagram.com/p/BeTY_aGnGMN/,2018-01-23T19:02:01.000Z,10
jessicakes33,https://www.instagram.com/p/BeTOMhoHKu5/,2018-01-23T17:27:41.000Z,10
lacikaysomers,https://www.instagram.com/p/Baj7gn_lY5p/,2017-10-22T19:05:55.000Z,10
simplytattooed,https://www.instagram.com/p/BeOIoX4nZR8/,2018-01-21T18:02:51.000Z,10
tahliaparis,https://www.instagram.com/p/Bdd18y5nLGz/,2018-01-03T00:12:39.000Z,10
lindseypelas,https://www.instagram.com/p/Bd6Y2hGH2r_/,2018-01-14T01:59:47.000Z,10
missamandaparis,https://www.instagram.com/p/Bbxm5miF1CN/,2017-11-21T23:06:35.000Z,10
jessicakes33,https://www.instagram.com/p/BdvSKDmHntu/,2018-01-09T18:29:38.000Z,10
miss_tina_louise,https://www.instagram.com/p/BdkpiJYh2jA/,2018-01-05T15:22:16.000Z,10
saraunderwood,https://www.instagram.com/p/Bb7LjsKHMuy/,2017-11-25T16:20:04.000Z,10
saraunderwood,https://www.instagram.com/p/Bd0NFMBFfsh/,2018-01-11T16:21:29.000Z,10
anastasiahenesey,https://www.instagram.com/p/BeKN2XfFU7r/,2018-01-20T05:31:30.000Z,10
saraunderwood,https://www.instagram.com/p/BedkmkCFRW1/,2018-01-27T17:55:53.000Z,30
jessicakes33,https://www.instagram.com/p/BdsjS4pAkWW/,2018-01-08T17:01:40.000Z,10
demirosemawby,https://www.instagram.com/p/BeRTwdulLFw/,2018-01-22T23:37:48.000Z,10
hot_is_the_new_black,https://www.instagram.com/p/Bd2by8KnYjq/,2018-01-12T13:08:33.000Z,10
anastasiahenesey,https://www.instagram.com/p/BWxUiGGFMJH/,2017-07-20T13:49:07.000Z,10
tahliaparis,https://www.instagram.com/p/BbpTmB6HuXK/,2017-11-18T17:43:58.000Z,10
demirosemawby,https://www.instagram.com/p/BczpS_klTA9/,2017-12-17T14:37:24.000Z,10
demirosemawby,https://www.instagram.com/p/Bdz0fI9l0ir/,2018-01-11T12:46:35.000Z,10
demirosemawby,https://www.instagram.com/p/BbfZB3NlGe_/,2017-11-14T21:19:56.000Z,10
kinadoll89,https://www.instagram.com/p/BeFjKg2llgU/,2018-01-18T10:01:32.000Z,10
kinadoll89,https://www.instagram.com/p/BdvpVy6lpHo/,2018-01-09T21:52:13.000Z,10
hot_is_the_new_black,https://www.instagram.com/p/Bbekf4tgx1Y/,2017-11-14T13:40:02.000Z,10
lacikaysomers,https://www.instagram.com/p/BbARhqGFOKK/,2017-11-02T19:17:02.000Z,10
demirosemawby,https://www.instagram.com/p/BbACbGElsic/,2017-11-02T17:05:04.000Z,10
anastasiahenesey,https://www.instagram.com/p/BUFgkAzFBoO/,2017-05-14T20:24:52.000Z,10
miss_tina_louise,https://www.instagram.com/p/BdnO_UNhEbt/,2018-01-06T15:28:02.000Z,10
leannabartlett,https://www.instagram.com/p/BeEHvPSlCh8/,2018-01-17T20:42:39.000Z,10
leannabartlett,https://www.instagram.com/p/Baxk6LFFd6U/,2017-10-28T02:17:48.000Z,10
kinadoll89,https://www.instagram.com/p/Bbq2FwfFupf/,2017-11-19T08:04:38.000Z,10
saraunderwood,https://www.instagram.com/p/BckXB6wn9zG/,2017-12-11T16:09:11.000Z,10
kinadoll89,https://www.instagram.com/p/BavwLyhFc_1/,2017-10-27T09:17:50.000Z,10
emrata,https://www.instagram.com/p/BdKnwWQllpd/,2017-12-26T12:46:28.000Z,10
lindseypelas,https://www.instagram.com/p/BeWaEjuHVTN/,2018-01-24T23:09:10.000Z,10
tahliaparis,https://www.instagram.com/p/BbkgmZmnxQV/,2017-11-16T21:01:25.000Z,10
hot_is_the_new_black,https://www.instagram.com/p/BcXa2rUAxmr/,2017-12-06T15:32:28.000Z,10
missamandaparis,https://www.instagram.com/p/BeW52rIFegD/,2018-01-25T03:46:54.000Z,10
miss_tina_louise,https://www.instagram.com/p/BeMLwuPh7Yu/,2018-01-20T23:51:44.000Z,10
anastasiahenesey,https://www.instagram.com/p/BeKQArll15t/,2018-01-20T05:50:23.000Z,10
jessicakes33,https://www.instagram.com/p/Bd0XDYoHTO2/,2018-01-11T17:48:37.000Z,10
bryanaholly,https://www.instagram.com/p/BdjkAKCgJBn/,2018-01-05T05:14:41.000Z,10
emrata,https://www.instagram.com/p/BcS7ck2lnGr/,2017-12-04T21:41:04.000Z,10
demirosemawby,https://www.instagram.com/p/BcYZONNFETA/,2017-12-07T00:37:27.000Z,10
emrata,https://www.instagram.com/p/BeTVffOlGwz/,2018-01-23T18:31:26.000Z,10
saraunderwood,https://www.instagram.com/p/Bd5nhkLlDJ2/,2018-01-13T18:48:45.000Z,10
miss_tina_louise,https://www.instagram.com/p/BeBv4gsBwdy/,2018-01-16T22:35:43.000Z,10
missamandaparis,https://www.instagram.com/p/BeTPeXIFB6A/,2018-01-23T17:39:18.000Z,10
saraunderwood,https://www.instagram.com/p/BcDTkFUnbkU/,2017-11-28T20:03:57.000Z,10
tahliaparis,https://www.instagram.com/p/BeUBr13HlNW/,2018-01-24T00:57:36.000Z,10
leannabartlett,https://www.instagram.com/p/BbuhojKl4Ij/,2017-11-20T18:22:51.000Z,10
missamandaparis,https://www.instagram.com/p/Bcfxxp9l665/,2017-12-09T21:26:41.000Z,10
abigailratchford,https://www.instagram.com/p/BcoeDH6lRSV/,2017-12-13T06:27:28.000Z,10
anastasiahenesey,https://www.instagram.com/p/BThRCpwF8dm/,2017-04-30T18:36:35.000Z,10
saraunderwood,https://www.instagram.com/p/BeYkEuhFMVz/,2018-01-25T19:15:04.000Z,10
tahliaparis,https://www.instagram.com/p/Bb6BNqiHwdy/,2017-11-25T05:30:26.000Z,10
hot_is_the_new_black,https://www.instagram.com/p/Bav7KZ4gYuJ/,2017-10-27T10:53:46.000Z,10
abigailratchford,https://www.instagram.com/p/BegK2MlFdXq/,2018-01-28T18:08:33.000Z,10
kinadoll89,https://www.instagram.com/p/BegvEbclIde/,2018-01-28T23:25:04.000Z,40
bryanaholly,https://www.instagram.com/p/BeL4zzDgfZ6/,2018-01-20T21:06:07.000Z,10
miss_tina_louise,https://www.instagram.com/p/BdrAcbPhXq8/,2018-01-08T02:37:54.000Z,10
playmateiryna,https://www.instagram.com/p/BeBsq5gHLQJ/,2018-01-16T22:07:39.000Z,10
bimberkeck_,https://www.instagram.com/p/BT6i6l_gZhY/,2017-05-10T14:13:47.000Z,10
bimberkeck_,https://www.instagram.com/p/BOvjv8fl77r/,2017-01-02T01:12:27.000Z,10
hot_is_the_new_black,https://www.instagram.com/p/BcUjm5CAD3x/,2017-12-05T12:51:14.000Z,10
bryanaholly,https://www.instagram.com/p/Bdx7rZ8g5AU/,2018-01-10T19:10:56.000Z,10
tahliaparis,https://www.instagram.com/p/Bc5dhbwHkkV/,2017-12-19T20:49:58.000Z,10
demirosemawby,https://www.instagram.com/p/BbKUkyRFNoR/,2017-11-06T16:58:01.000Z,10
bryanaholly,https://www.instagram.com/p/BeYHloog9la/,2018-01-25T15:06:09.000Z,10
tahliaparis,https://www.instagram.com/p/BcVhaxLnh2I/,2017-12-05T21:51:21.000Z,10
abigailratchford,https://www.instagram.com/p/BeXov7elLRO/,2018-01-25T10:36:40.000Z,10
osphilia_,https://www.instagram.com/p/BdiM8tqA5st/,2018-01-04T16:34:00.000Z,10
emrata,https://www.instagram.com/p/BcU9zDKlzp5/,2017-12-05T16:40:05.000Z,10
missamandaparis,https://www.instagram.com/p/Bc0H995F8zl/,2017-12-17T19:05:25.000Z,10
tahliaparis,https://www.instagram.com/p/BcNzdzAHbhd/,2017-12-02T21:55:07.000Z,10
hot_is_the_new_black,https://www.instagram.com/p/BdGVXyUHpTY/,2017-12-24T20:48:52.000Z,10
demirosemawby,https://www.instagram.com/p/Bdn3S3MlGgw/,2018-01-06T21:20:14.000Z,10
lindseypelas,https://www.instagram.com/p/BeQ6k_mHXAd/,2018-01-22T19:57:47.000Z,10
jessicakes33,https://www.instagram.com/p/BduCyVCHLQN/,2018-01-09T06:56:05.000Z,10
abigailratchford,https://www.instagram.com/p/BbNnV7Pl2QH/,2017-11-07T23:37:48.000Z,10
leannabartlett,https://www.instagram.com/p/BdRa2zAlB6O/,2017-12-29T04:08:26.000Z,10
tahliaparis,https://www.instagram.com/p/BcTDEa_HF1h/,2017-12-04T22:47:40.000Z,10
missamandaparis,https://www.instagram.com/p/BbSRMmBl7sl/,2017-11-09T19:00:29.000Z,10
tahliaparis,https://www.instagram.com/p/BdYzPa4HULh/,2018-01-01T00:56:12.000Z,10
hot_is_the_new_black,https://www.instagram.com/p/BcnAApcAdWp/,2017-12-12T16:45:45.000Z,10
lacikaysomers,https://www.instagram.com/p/BbmzVJslK7K/,2017-11-17T18:23:34.000Z,10
demirosemawby,https://www.instagram.com/p/BejSQOFl7Va/,2018-01-29T23:10:59.000Z,10
jessicakes33,https://www.instagram.com/p/BeGaThanCF0/,2018-01-18T18:04:14.000Z,10
hot_is_the_new_black,https://www.instagram.com/p/BdiCqRgHB6S/,2018-01-04T15:04:06.000Z,10
saraunderwood,https://www.instagram.com/p/Bd2xA2wl5Pe/,2018-01-12T16:13:57.000Z,10
miss_tina_louise,https://www.instagram.com/p/BdLqW42BaE0/,2017-12-26T22:28:27.000Z,10
tahliaparis,https://www.instagram.com/p/BckonGkH17K/,2017-12-11T18:42:48.000Z,10
leannabartlett,https://www.instagram.com/p/BbFx4wRFRq3/,2017-11-04T22:36:00.000Z,10
simplytattooed,https://www.instagram.com/p/BeI_rCTnwiI/,2018-01-19T18:08:22.000Z,10
osphilia_,https://www.instagram.com/p/BeK739WgBMW/,2018-01-20T12:13:40.000Z,10
simplytattooed,https://www.instagram.com/p/BeGDw88HgQs/,2018-01-18T14:46:25.000Z,10
hot_is_the_new_black,https://www.instagram.com/p/BaSgAgSglfB/,2017-10-16T00:38:52.000Z,10
lindseypelas,https://www.instagram.com/p/BdbwQcoHj1O/,2018-01-02T04:27:51.000Z,10
osphilia_,https://www.instagram.com/p/BeFvpJAgz2e/,2018-01-18T11:50:35.000Z,10
missamandaparis,https://www.instagram.com/p/BdLDVWRFvU0/,2017-12-26T16:47:27.000Z,10
kinadoll89,https://www.instagram.com/p/BbUHANFlACR/,2017-11-10T12:09:54.000Z,10
leannabartlett,https://www.instagram.com/p/BdIxALalrWa/,2017-12-25T19:32:38.000Z,10
missamandaparis,https://www.instagram.com/p/Bd9Ce6NFHiI/,2018-01-15T02:42:03.000Z,10
lindseypelas,https://www.instagram.com/p/BdPFq8IHGlU/,2017-12-28T06:24:50.000Z,10
saraunderwood,https://www.instagram.com/p/BcU7wzFn643/,2017-12-05T16:22:18.000Z,10
saraunderwood,https://www.instagram.com/p/BdAw1VzlknO/,2017-12-22T16:53:23.000Z,10
osphilia_,https://www.instagram.com/p/BdnA5dgAu6b/,2018-01-06T13:24:54.000Z,10
emrata,https://www.instagram.com/p/BeCpHstF1Lp/,2018-01-17T06:55:52.000Z,10
miss_tina_louise,https://www.instagram.com/p/BeMfJi6BxMo/,2018-01-21T02:41:08.000Z,10
dan_hecho,https://www.instagram.com/p/BeYaZ2GH2T4/,2018-01-25T17:50:34.000Z,90
abigailratchford,https://www.instagram.com/p/BcLL75GlaHq/,2017-12-01T21:31:13.000Z,10
lindseypelas,https://www.instagram.com/p/Bd3zRVZHfhk/,2018-01-13T01:52:55.000Z,10
missamandaparis,https://www.instagram.com/p/BdGqS2ylIay/,2017-12-24T23:51:42.000Z,10
anastasiahenesey,https://www.instagram.com/p/BeT9cQHl3lY/,2018-01-24T00:20:31.000Z,10
leannabartlett,https://www.instagram.com/p/BbNA3ohFUcc/,2017-11-07T18:01:37.000Z,10
tahliaparis,https://www.instagram.com/p/Bei8slvHBqN/,2018-01-29T20:02:37.000Z,10
hot_is_the_new_black,https://www.instagram.com/p/BbXKDMAALH3/,2017-11-11T16:34:14.000Z,10
kinadoll89,https://www.instagram.com/p/BbwOwIOFFpq/,2017-11-21T10:16:20.000Z,10
simplytattooed,https://www.instagram.com/p/BeM5QpEnyz1/,2018-01-21T06:29:18.000Z,10
osphilia_,https://www.instagram.com/p/BdHxTIug40W/,2017-12-25T10:12:08.000Z,10
tahliaparis,https://www.instagram.com/p/BcKzGsFHpxY/,2017-12-01T17:54:15.000Z,10
dan_hecho,https://www.instagram.com/p/BbKjeDwnS9n/,2017-11-06T19:06:14.000Z,10
jessicakes33,https://www.instagram.com/p/Bdt_lCrHS3B/,2018-01-09T06:28:04.000Z,10
demirosemawby,https://www.instagram.com/p/BcVrt7tFbkU/,2017-12-05T23:21:21.000Z,10
demirosemawby,https://www.instagram.com/p/BcIWA5UlWit/,2017-11-30T19:01:34.000Z,10
miss_tina_louise,https://www.instagram.com/p/BdV23DbBNLc/,2017-12-30T21:30:06.000Z,10
anastasiahenesey,https://www.instagram.com/p/BWLBuuPFs97/,2017-07-05T16:53:41.000Z,10
tahliaparis,https://www.instagram.com/p/BbnHBn8nPuy/,2017-11-17T21:15:39.000Z,10
jessicakes33,https://www.instagram.com/p/BeoJ_SWnbQq/,2018-01-31T20:34:58.000Z,0
dan_hecho,https://www.instagram.com/p/Bdks7evnNZd/,2018-01-05T15:51:56.000Z,10
anastasiahenesey,https://www.instagram.com/p/BeiX1dDl2Wq/,2018-01-29T14:40:31.000Z,10
missamandaparis,https://www.instagram.com/p/BcDZnF3FeKm/,2017-11-28T20:56:48.000Z,10
lindseypelas,https://www.instagram.com/p/Bc1eDpCnNbd/,2017-12-18T07:37:40.000Z,10
lindseypelas,https://www.instagram.com/p/BdG2nwjnU4S/,2017-12-25T01:39:24.000Z,10
dan_hecho,https://www.instagram.com/p/BdLY5FlnnHw/,2017-12-26T19:55:50.000Z,10
jessicakes33,https://www.instagram.com/p/BekzbZpH3Qf/,2018-01-30T13:20:07.000Z,10
demirosemawby,https://www.instagram.com/p/Ba7Qqydl6On/,2017-10-31T20:33:20.000Z,10
miss_tina_louise,https://www.instagram.com/p/BeOQZ7xBhOJ/,2018-01-21T19:10:47.000Z,10
lindseypelas,https://www.instagram.com/p/BdWw4M0H9j2/,2017-12-31T05:57:04.000Z,10
missamandaparis,https://www.instagram.com/p/BdQiUuklf5y/,2017-12-28T19:54:27.000Z,10
kinadoll89,https://www.instagram.com/p/BbOs403FPWB/,2017-11-08T09:45:29.000Z,10
dan_hecho,https://www.instagram.com/p/BcX8x82nMjU/,2017-12-06T20:28:55.000Z,10
lacikaysomers,https://www.instagram.com/p/BbNpXIVltLH/,2017-11-07T23:55:26.000Z,10
osphilia_,https://www.instagram.com/p/BdFrpkfg1tS/,2017-12-24T14:44:18.000Z,10
bryanaholly,https://www.instagram.com/p/BeoAKeFgG69/,2018-01-31T19:09:07.000Z,10
jessicakes33,https://www.instagram.com/p/BeqVfhmnq0E/,2018-02-01T16:53:59.000Z,-10
bimberkeck_,https://www.instagram.com/p/BXOynw7FaPB/,2017-08-01T00:30:01.000Z,10
osphilia_,https://www.instagram.com/p/BeYvvyxArgm/,2018-01-25T20:57:04.000Z,10
demirosemawby,https://www.instagram.com/p/BbAxrNbF5eJ/,2017-11-02T23:57:57.000Z,10
miss_tina_louise,https://www.instagram.com/p/Bdd9BCIBt4B/,2018-01-03T00:57:49.000Z,10
saraunderwood,https://www.instagram.com/p/BdDbOruFoHy/,2017-12-23T17:42:20.000Z,10
leannabartlett,https://www.instagram.com/p/BelU0kWFSDR/,2018-01-30T18:11:55.000Z,10
simplytattooed,https://www.instagram.com/p/BeB5lO5n9Od/,2018-01-17T00:00:28.000Z,10
jessicakes33,https://www.instagram.com/p/BdsmQ_9gOMs/,2018-01-08T17:28:35.000Z,10
bryanaholly,https://www.instagram.com/p/Bb81C2vg33P/,2017-11-26T07:41:50.000Z,10
demirosemawby,https://www.instagram.com/p/BdTmDyWlGdb/,2017-12-30T00:27:23.000Z,10
abigailratchford,https://www.instagram.com/p/Bd3ILumFRcZ/,2018-01-12T19:36:25.000Z,10
hot_is_the_new_black,https://www.instagram.com/p/BdfbGfTHOEF/,2018-01-03T14:39:57.000Z,10
hot_is_the_new_black,https://www.instagram.com/p/BcKSwTJgcDX/,2017-12-01T13:11:34.000Z,10
lindseypelas,https://www.instagram.com/p/Bc3u7NCnLhS/,2017-12-19T04:43:33.000Z,10
leannabartlett,https://www.instagram.com/p/BeUUd5rF2pP/,2018-01-24T03:41:43.000Z,10
abigailratchford,https://www.instagram.com/p/BbxiwTslZXx/,2017-11-21T22:30:22.000Z,10
anastasiahenesey,https://www.instagram.com/p/Bee1DpSF_9q/,2018-01-28T05:38:54.000Z,110
osphilia_,https://www.instagram.com/p/Bd2SZiQAkQ4/,2018-01-12T11:46:26.000Z,10
tahliaparis,https://www.instagram.com/p/BdbEQUsHO2N/,2018-01-01T22:03:21.000Z,10
leannabartlett,https://www.instagram.com/p/BamN_BaF5X0/,2017-10-23T16:25:50.000Z,10
bimberkeck_,https://www.instagram.com/p/BQdoIFPl1yr/,2017-02-13T19:07:09.000Z,10
abigailratchford,https://www.instagram.com/p/Ba8fn15luul/,2017-11-01T08:03:15.000Z,10
abigailratchford,https://www.instagram.com/p/BeBqsPbFAdJ/,2018-01-16T21:50:21.000Z,10
leannabartlett,https://www.instagram.com/p/BcDfUi9F6YQ/,2017-11-28T21:46:41.000Z,10
abigailratchford,https://www.instagram.com/p/BbLBynbF8Y_/,2017-11-06T23:31:11.000Z,10
simplytattooed,https://www.instagram.com/p/BebCFabHhNm/,2018-01-26T18:15:47.000Z,10
saraunderwood,https://www.instagram.com/p/BcYPHkZHbLJ/,2017-12-06T23:09:10.000Z,10
lindseypelas,https://www.instagram.com/p/Bd0bxcfnDWz/,2018-01-11T18:29:52.000Z,10
missamandaparis,https://www.instagram.com/p/BeJI1FAl1Q6/,2018-01-19T19:28:23.000Z,10
emrata,https://www.instagram.com/p/BdQWj2FFM1j/,2017-12-28T18:11:39.000Z,10
kinadoll89,https://www.instagram.com/p/BdDkM0UlyD1/,2017-12-23T19:00:43.000Z,10
missamandaparis,https://www.instagram.com/p/BdBaqd8lCUa/,2017-12-22T22:58:54.000Z,10
missamandaparis,https://www.instagram.com/p/BbhwULOF8OA/,2017-11-15T19:21:01.000Z,10
miss_tina_louise,https://www.instagram.com/p/BcnevJpgTGO/,2017-12-12T21:14:15.000Z,10
saraunderwood,https://www.instagram.com/p/Bd3uf4Cljlf/,2018-01-13T01:11:13.000Z,10
missamandaparis,https://www.instagram.com/p/BcNx0xeFxcC/,2017-12-02T21:40:47.000Z,10
lacikaysomers,https://www.instagram.com/p/BaLOaFZlUJI/,2017-10-13T04:50:02.000Z,10
anastasiahenesey,https://www.instagram.com/p/BNf8AzSgKYE/,2016-12-02T03:05:13.000Z,10
miss_tina_louise,https://www.instagram.com/p/Bdfd8OiBSeu/,2018-01-03T15:04:46.000Z,10
bimberkeck_,https://www.instagram.com/p/BcBgum1lWX_/,2017-11-28T03:20:30.000Z,10
miss_tina_louise,https://www.instagram.com/p/BcThzitgJGQ/,2017-12-05T03:16:15.000Z,10
leannabartlett,https://www.instagram.com/p/BdOYcKnlwfh/,2017-12-27T23:49:36.000Z,10
simplytattooed,https://www.instagram.com/p/BeS8swrnnb6/,2018-01-23T14:54:48.000Z,10
bryanaholly,https://www.instagram.com/p/BdhEKpFA43x/,2018-01-04T05:58:01.000Z,10
saraunderwood,https://www.instagram.com/p/Bc5QsRKlEmT/,2017-12-19T18:57:51.000Z,10
hot_is_the_new_black,https://www.instagram.com/p/BeKow_tnhv2/,2018-01-20T09:26:41.000Z,10
missamandaparis,https://www.instagram.com/p/BbnDJlhFrCt/,2017-11-17T20:41:47.000Z,10
jessicakes33,https://www.instagram.com/p/BdyQtZAnD5Q/,2018-01-10T22:14:43.000Z,10
osphilia_,https://www.instagram.com/p/Bef5T_0gTyN/,2018-01-28T15:35:20.000Z,30
emrata,https://www.instagram.com/p/BdZDx8ulC3b/,2018-01-01T03:20:43.000Z,10
demirosemawby,https://www.instagram.com/p/Bc8INJ_lkty/,2017-12-20T21:41:25.000Z,10
missamandaparis,https://www.instagram.com/p/BcX5pO_FoSI/,2017-12-06T20:01:31.000Z,10
lindseypelas,https://www.instagram.com/p/Bddk6FaHp0M/,2018-01-02T21:27:09.000Z,10
osphilia_,https://www.instagram.com/p/BeSnLIAA7r0/,2018-01-23T11:46:42.000Z,10
miss_tina_louise,https://www.instagram.com/p/BcVudieByVv/,2017-12-05T23:45:19.000Z,10
playmateiryna,https://www.instagram.com/p/BesuquwHXmX/,2018-02-02T15:12:26.000Z,10
playmateiryna,https://www.instagram.com/p/Bc7bi20HIOA/,2017-12-20T15:11:44.000Z,10
playmateiryna,https://www.instagram.com/p/BckQMk_nsGM/,2017-12-11T15:09:28.000Z,10
playmateiryna,https://www.instagram.com/p/BcQJgpXHqm0/,2017-12-03T19:46:14.000Z,10
playmateiryna,https://www.instagram.com/p/BdIg4Dxnlw7/,2017-12-25T17:08:19.000Z,10
playmateiryna,https://www.instagram.com/p/BdQDU44njjT/,2017-12-28T15:23:35.000Z,10
playmateiryna,https://www.instagram.com/p/BccufEsnZKE/,2017-12-08T17:00:13.000Z,10
playmateiryna,https://www.instagram.com/p/BcUyVeHH2pg/,2017-12-05T14:59:56.000Z,10
playmateiryna,https://www.instagram.com/p/BZ1J8MLn3VS/,2017-10-04T15:07:42.000Z,10
playmateiryna,https://www.instagram.com/p/BaWoWZ3HTc7/,2017-10-17T15:08:59.000Z,10
playmateiryna,https://www.instagram.com/p/BcH7UiPn3mg/,2017-11-30T15:08:19.000Z,10
playmateiryna,https://www.instagram.com/p/BaMVRHYnKPD/,2017-10-13T15:09:13.000Z,10
playmateiryna,https://www.instagram.com/p/BZrE096HqLk/,2017-09-30T17:10:38.000Z,10
playmateiryna,https://www.instagram.com/p/Ba4TbtPnDrB/,2017-10-30T16:59:46.000Z,10
playmateiryna,https://www.instagram.com/p/BaHLEphnEOu/,2017-10-11T15:04:43.000Z,10
playmateiryna,https://www.instagram.com/p/Bb4fj01nq__/,2017-11-24T15:17:08.000Z,10
playmateiryna,https://www.instagram.com/p/BabypKBnRjZ/,2017-10-19T15:14:31.000Z,10
playmateiryna,https://www.instagram.com/p/BarODRYHoCz/,2017-10-25T15:02:37.000Z,10
playmateiryna,https://www.instagram.com/p/BbFVGv7Hln4/,2017-11-04T18:24:52.000Z,10
playmateiryna,https://www.instagram.com/p/BbwwdvlHmNF/,2017-11-21T15:10:55.000Z,10
playmateiryna,https://www.instagram.com/p/BbsLNgcnidT/,2017-11-19T20:28:26.000Z,10
playmateiryna,https://www.instagram.com/p/BbaDDpAHtwO/,2017-11-12T19:30:51.000Z,10
playmateiryna,https://www.instagram.com/p/BZ6TWCvHOot/,2017-10-06T15:06:05.000Z,10
playmateiryna,https://www.instagram.com/p/Bbj4CmlHEMl/,2017-11-16T15:07:00.000Z,10
playmateiryna,https://www.instagram.com/p/BaCGMsin1yy/,2017-10-09T15:45:08.000Z,10
playmateiryna,https://www.instagram.com/p/BZwBK8InDrk/,2017-10-02T15:14:53.000Z,10
playmateiryna,https://www.instagram.com/p/BbPRF3dHexQ/,2017-11-08T15:01:51.000Z,10
playmateiryna,https://www.instagram.com/p/BbcaaPFHlGR/,2017-11-13T17:34:45.000Z,10
playmateiryna,https://www.instagram.com/p/Bajv_VQHkZr/,2017-10-22T17:25:15.000Z,10
